[{"model": "admin.logentry", "pk": 1, "fields": {"action_time": "2025-12-19T07:33:31.156Z", "user": 1, "content_type": 13, "object_id": "2", "object_repr": "101 - 2025-12-19 06:40:13.938440+00:00 (IN)", "action_flag": 3, "change_message": ""}}, {"model": "admin.logentry", "pk": 2, "fields": {"action_time": "2025-12-19T07:33:41.682Z", "user": 1, "content_type": 15, "object_id": "2", "object_repr": "101 - 2025-12-19 (PR)", "action_flag": 3, "change_message": ""}}, {"model": "admin.logentry", "pk": 3, "fields": {"action_time": "2025-12-19T07:33:41.687Z", "user": 1, "content_type": 15, "object_id": "1", "object_repr": "101 - 2025-12-18 (PR)", "action_flag": 3, "change_message": ""}}, {"model": "admin.logentry", "pk": 4, "fields": {"action_time": "2025-12-19T07:43:52.848Z", "user": 1, "content_type": 15, "object_id": "4", "object_repr": "101 - 2025-12-19 (PR)", "action_flag": 3, "change_message": ""}}, {"model": "admin.logentry", "pk": 5, "fields": {"action_time": "2025-12-19T07:43:52.855Z", "user": 1, "content_type": 15, "object_id": "3", "object_repr": "100 - 2025-12-19 (PR)", "action_flag": 3, "change_message": ""}}, {"model": "admin.logentry", "pk": 6, "fields": {"action_time": "2025-12-19T07:44:05.085Z", "user": 1, "content_type": 13, "object_id": "4", "object_repr": "101 - 2025-12-19 07:34:08+00:00 (IN)", "action_flag": 3, "change_message": ""}}, {"model": "admin.logentry", "pk": 7, "fields": {"action_time": "2025-12-19T07:44:05.090Z", "user": 1, "content_type": 13, "object_id": "3", "object_repr": "100 - 2025-12-19 07:32:30+00:00 (IN)", "action_flag": 3, "change_message": ""}}, {"model": "admin.logentry", "pk": 8, "fields": {"action_time": "2025-12-19T07:44:05.093Z", "user": 1, "content_type": 13, "object_id": "1", "object_repr": "101 - 2025-12-18 12:16:40+00:00 (IN)", "action_flag": 3, "change_message": ""}}, {"model": "admin.logentry", "pk": 9, "fields": {"action_time": "2025-12-19T08:47:02.648Z", "user": 1, "content_type": 13, "object_id": "8", "object_repr": "EMP105 - 2025-12-19 08:43:26+00:00 (IN)", "action_flag": 3, "change_message": ""}}, {"model": "admin.logentry", "pk": 10, "fields": {"action_time": "2025-12-19T08:47:02.654Z", "user": 1, "content_type": 13, "object_id": "7", "object_repr": "100 - 2025-12-19 08:35:39+00:00 (IN)", "action_flag": 3, "change_message": ""}}, {"model": "admin.logentry", "pk": 11, "fields": {"action_time": "2025-12-19T08:47:02.657Z", "user": 1, "content_type": 13, "object_id": "6", "object_repr": "101 - 2025-12-19 07:34:08+00:00 (IN)", "action_flag": 3, "change_message": ""}}, {"model": "admin.logentry", "pk": 12, "fields": {"action_time": "2025-12-19T08:47:02.660Z", "user": 1, "content_type": 13, "object_id": "5", "object_repr": "100 - 2025-12-19 07:32:30+00:00 (IN)", "action_flag": 3, "change_message": ""}}, {"model": "admin.logentry", "pk": 13, "fields": {"action_time": "2025-12-19T08:47:02.663Z", "user": 1, "content_type": 13, "object_id": "9", "object_repr": "101 - 2025-12-18 12:16:40+00:00 (IN)", "action_flag": 3, "change_message": ""}}, {"model": "admin.logentry", "pk": 14, "fields": {"action_time": "2025-12-19T08:47:10.030Z", "user": 1, "content_type": 15, "object_id": "7", "object_repr": "EMP105 - 2025-12-19 (PR)", "action_flag": 3, "change_message": ""}}, {"model": "admin.logentry", "pk": 15, "fields": {"action_time": "2025-12-19T08:47:10.035Z", "user": 1, "content_type": 15, "object_id": "6", "object_repr": "101 - 2025-12-19 (PR)", "action_flag": 3, "change_message": ""}}, {"model": "admin.logentry", "pk": 16, "fields": {"action_time": "2025-12-19T08:47:10.038Z", "user": 1, "content_type": 15, "object_id": "5", "object_repr": "100 - 2025-12-19 (HL)", "action_flag": 3, "change_message": ""}}, {"model": "admin.logentry", "pk": 17, "fields": {"action_time": "2025-12-19T08:47:10.040Z", "user": 1, "content_type": 15, "object_id": "8", "object_repr": "101 - 2025-12-18 (PR)", "action_flag": 3, "change_message": ""}}, {"model": "admin.logentry", "pk": 18, "fields": {"action_time": "2025-12-19T09:57:27.891Z", "user": 1, "content_type": 13, "object_id": "15", "object_repr": "EMP105 - 2025-12-19 09:55:04+00:00 (IN)", "action_flag": 3, "change_message": ""}}, {"model": "admin.logentry", "pk": 19, "fields": {"action_time": "2025-12-19T09:57:27.896Z", "user": 1, "content_type": 13, "object_id": "14", "object_repr": "101 - 2025-12-19 09:54:55+00:00 (IN)", "action_flag": 3, "change_message": ""}}, {"model": "admin.logentry", "pk": 20, "fields": {"action_time": "2025-12-19T09:57:27.899Z", "user": 1, "content_type": 13, "object_id": "13", "object_repr": "EMP105 - 2025-12-19 09:54:44+00:00 (IN)", "action_flag": 3, "change_message": ""}}, {"model": "admin.logentry", "pk": 21, "fields": {"action_time": "2025-12-19T09:57:27.902Z", "user": 1, "content_type": 13, "object_id": "12", "object_repr": "100 - 2025-12-19 09:46:05+00:00 (IN)", "action_flag": 3, "change_message": ""}}, {"model": "admin.logentry", "pk": 22, "fields": {"action_time": "2025-12-19T09:57:27.904Z", "user": 1, "content_type": 13, "object_id": "11", "object_repr": "101 - 2025-12-19 09:02:04+00:00 (IN)", "action_flag": 3, "change_message": ""}}, {"model": "admin.logentry", "pk": 23, "fields": {"action_time": "2025-12-19T09:57:27.907Z", "user": 1, "content_type": 13, "object_id": "10", "object_repr": "101 - 2025-12-19 08:47:50+00:00 (IN)", "action_flag": 3, "change_message": ""}}, {"model": "admin.logentry", "pk": 24, "fields": {"action_time": "2025-12-19T09:57:42.515Z", "user": 1, "content_type": 15, "object_id": "11", "object_repr": "EMP105 - 2025-12-19 (HL)", "action_flag": 3, "change_message": ""}}, {"model": "admin.logentry", "pk": 25, "fields": {"action_time": "2025-12-19T09:57:42.521Z", "user": 1, "content_type": 15, "object_id": "10", "object_repr": "100 - 2025-12-19 (PR)", "action_flag": 3, "change_message": ""}}, {"model": "admin.logentry", "pk": 26, "fields": {"action_time": "2025-12-19T09:57:42.523Z", "user": 1, "content_type": 15, "object_id": "9", "object_repr": "101 - 2025-12-19 (HL)", "action_flag": 3, "change_message": ""}}, {"model": "admin.logentry", "pk": 27, "fields": {"action_time": "2025-12-19T09:58:06.287Z", "user": 1, "content_type": 18, "object_id": "1", "object_repr": "101 - Casual Leave (2025-12-22 to 2025-12-25)", "action_flag": 3, "change_message": ""}}, {"model": "admin.logentry", "pk": 28, "fields": {"action_time": "2025-12-19T10:26:15.750Z", "user": 1, "content_type": 16, "object_id": "1", "object_repr": "Alt sunday - 2025-12-28", "action_flag": 3, "change_message": ""}}, {"model": "admin.logentry", "pk": 29, "fields": {"action_time": "2025-12-19T10:26:15.756Z", "user": 1, "content_type": 16, "object_id": "2", "object_repr": "alt sunday - 2026-01-11", "action_flag": 3, "change_message": ""}}, {"model": "admin.logentry", "pk": 30, "fields": {"action_time": "2025-12-19T10:26:15.759Z", "user": 1, "content_type": 16, "object_id": "3", "object_repr": "alt sunday - 2026-01-25", "action_flag": 3, "change_message": ""}}, {"model": "admin.logentry", "pk": 31, "fields": {"action_time": "2025-12-19T10:26:15.761Z", "user": 1, "content_type": 16, "object_id": "4", "object_repr": "alt sunday - 2026-02-08", "action_flag": 3, "change_message": ""}}, {"model": "admin.logentry", "pk": 32, "fields": {"action_time": "2025-12-19T10:26:15.764Z", "user": 1, "content_type": 16, "object_id": "5", "object_repr": "alt sunday - 2026-02-22", "action_flag": 3, "change_message": ""}}, {"model": "admin.logentry", "pk": 33, "fields": {"action_time": "2025-12-19T10:26:15.766Z", "user": 1, "content_type": 16, "object_id": "7", "object_repr": "alt sunday - 2026-03-08", "action_flag": 3, "change_message": ""}}, {"model": "admin.logentry", "pk": 34, "fields": {"action_time": "2025-12-22T07:32:02.890Z", "user": 1, "content_type": 13, "object_id": "18", "object_repr": "EMP106 - 2025-12-22 10:15:12+05:45 (IN)", "action_flag": 2, "change_message": "[{\"changed\": {\"fields\": [\"Punch time\"]}}]"}}, {"model": "admin.logentry", "pk": 35, "fields": {"action_time": "2025-12-22T07:32:20.890Z", "user": 1, "content_type": 15, "object_id": "14", "object_repr": "EMP106 - 2025-12-22 (PR)", "action_flag": 2, "change_message": "[{\"changed\": {\"fields\": [\"Check in time\"]}}]"}}, {"model": "admin.logentry", "pk": 36, "fields": {"action_time": "2025-12-22T07:32:43.789Z", "user": 1, "content_type": 15, "object_id": "14", "object_repr": "EMP106 - 2025-12-22 (PR)", "action_flag": 2, "change_message": "[{\"changed\": {\"fields\": [\"Check in time\"]}}]"}}, {"model": "admin.logentry", "pk": 37, "fields": {"action_time": "2025-12-22T07:35:17.640Z", "user": 1, "content_type": 15, "object_id": "14", "object_repr": "EMP106 - 2025-12-22 (PR)", "action_flag": 2, "change_message": "[{\"changed\": {\"fields\": [\"Check in time\"]}}]"}}, {"model": "admin.logentry", "pk": 38, "fields": {"action_time": "2025-12-22T07:35:33.146Z", "user": 1, "content_type": 13, "object_id": "18", "object_repr": "EMP106 - 2025-12-22 10:02:12+05:45 (IN)", "action_flag": 2, "change_message": "[{\"changed\": {\"fields\": [\"Punch time\"]}}]"}}, {"model": "admin.logentry", "pk": 39, "fields": {"action_time": "2025-12-22T07:36:00.851Z", "user": 1, "content_type": 15, "object_id": "12", "object_repr": "EMP105 - 2025-12-21 (PR)", "action_flag": 2, "change_message": "[{\"changed\": {\"fields\": [\"Is late\"]}}]"}}, {"model": "admin.logentry", "pk": 40, "fields": {"action_time": "2025-12-22T07:36:06.072Z", "user": 1, "content_type": 15, "object_id": "13", "object_repr": "EMP106 - 2025-12-21 (PR)", "action_flag": 2, "change_message": "[{\"changed\": {\"fields\": [\"Is late\"]}}]"}}, {"model": "admin.logentry", "pk": 41, "fields": {"action_time": "2025-12-22T07:36:11.080Z", "user": 1, "content_type": 15, "object_id": "14", "object_repr": "EMP106 - 2025-12-22 (PR)", "action_flag": 2, "change_message": "[{\"changed\": {\"fields\": [\"Is late\"]}}]"}}, {"model": "admin.logentry", "pk": 42, "fields": {"action_time": "2025-12-22T07:36:15.196Z", "user": 1, "content_type": 15, "object_id": "15", "object_repr": "EMP105 - 2025-12-22 (PR)", "action_flag": 2, "change_message": "[{\"changed\": {\"fields\": [\"Is late\"]}}]"}}, {"model": "admin.logentry", "pk": 43, "fields": {"action_time": "2025-12-22T07:37:55.545Z", "user": 1, "content_type": 15, "object_id": "16", "object_repr": "101 - 2025-12-22 (PR)", "action_flag": 2, "change_message": "[{\"changed\": {\"fields\": [\"Check in time\"]}}]"}}, {"model": "auth.permission", "pk": 1, "fields": {"name": "Can add log entry", "content_type": 1, "codename": "add_logentry"}}, {"model": "auth.permission", "pk": 2, "fields": {"name": "Can change log entry", "content_type": 1, "codename": "change_logentry"}}, {"model": "auth.permission", "pk": 3, "fields": {"name": "Can delete log entry", "content_type": 1, "codename": "delete_logentry"}}, {"model": "auth.permission", "pk": 4, "fields": {"name": "Can view log entry", "content_type": 1, "codename": "view_logentry"}}, {"model": "auth.permission", "pk": 5, "fields": {"name": "Can add permission", "content_type": 2, "codename": "add_permission"}}, {"model": "auth.permission", "pk": 6, "fields": {"name": "Can change permission", "content_type": 2, "codename": "change_permission"}}, {"model": "auth.permission", "pk": 7, "fields": {"name": "Can delete permission", "content_type": 2, "codename": "delete_permission"}}, {"model": "auth.permission", "pk": 8, "fields": {"name": "Can view permission", "content_type": 2, "codename": "view_permission"}}, {"model": "auth.permission", "pk": 9, "fields": {"name": "Can add group", "content_type": 3, "codename": "add_group"}}, {"model": "auth.permission", "pk": 10, "fields": {"name": "Can change group", "content_type": 3, "codename": "change_group"}}, {"model": "auth.permission", "pk": 11, "fields": {"name": "Can delete group", "content_type": 3, "codename": "delete_group"}}, {"model": "auth.permission", "pk": 12, "fields": {"name": "Can view group", "content_type": 3, "codename": "view_group"}}, {"model": "auth.permission", "pk": 13, "fields": {"name": "Can add content type", "content_type": 4, "codename": "add_contenttype"}}, {"model": "auth.permission", "pk": 14, "fields": {"name": "Can change content type", "content_type": 4, "codename": "change_contenttype"}}, {"model": "auth.permission", "pk": 15, "fields": {"name": "Can delete content type", "content_type": 4, "codename": "delete_contenttype"}}, {"model": "auth.permission", "pk": 16, "fields": {"name": "Can view content type", "content_type": 4, "codename": "view_contenttype"}}, {"model": "auth.permission", "pk": 17, "fields": {"name": "Can add session", "content_type": 5, "codename": "add_session"}}, {"model": "auth.permission", "pk": 18, "fields": {"name": "Can change session", "content_type": 5, "codename": "change_session"}}, {"model": "auth.permission", "pk": 19, "fields": {"name": "Can delete session", "content_type": 5, "codename": "delete_session"}}, {"model": "auth.permission", "pk": 20, "fields": {"name": "Can view session", "content_type": 5, "codename": "view_session"}}, {"model": "auth.permission", "pk": 21, "fields": {"name": "Can add crontab", "content_type": 6, "codename": "add_crontabschedule"}}, {"model": "auth.permission", "pk": 22, "fields": {"name": "Can change crontab", "content_type": 6, "codename": "change_crontabschedule"}}, {"model": "auth.permission", "pk": 23, "fields": {"name": "Can delete crontab", "content_type": 6, "codename": "delete_crontabschedule"}}, {"model": "auth.permission", "pk": 24, "fields": {"name": "Can view crontab", "content_type": 6, "codename": "view_crontabschedule"}}, {"model": "auth.permission", "pk": 25, "fields": {"name": "Can add interval", "content_type": 7, "codename": "add_intervalschedule"}}, {"model": "auth.permission", "pk": 26, "fields": {"name": "Can change interval", "content_type": 7, "codename": "change_intervalschedule"}}, {"model": "auth.permission", "pk": 27, "fields": {"name": "Can delete interval", "content_type": 7, "codename": "delete_intervalschedule"}}, {"model": "auth.permission", "pk": 28, "fields": {"name": "Can view interval", "content_type": 7, "codename": "view_intervalschedule"}}, {"model": "auth.permission", "pk": 29, "fields": {"name": "Can add periodic task", "content_type": 8, "codename": "add_periodictask"}}, {"model": "auth.permission", "pk": 30, "fields": {"name": "Can change periodic task", "content_type": 8, "codename": "change_periodictask"}}, {"model": "auth.permission", "pk": 31, "fields": {"name": "Can delete periodic task", "content_type": 8, "codename": "delete_periodictask"}}, {"model": "auth.permission", "pk": 32, "fields": {"name": "Can view periodic task", "content_type": 8, "codename": "view_periodictask"}}, {"model": "auth.permission", "pk": 33, "fields": {"name": "Can add periodic tasks", "content_type": 9, "codename": "add_periodictasks"}}, {"model": "auth.permission", "pk": 34, "fields": {"name": "Can change periodic tasks", "content_type": 9, "codename": "change_periodictasks"}}, {"model": "auth.permission", "pk": 35, "fields": {"name": "Can delete periodic tasks", "content_type": 9, "codename": "delete_periodictasks"}}, {"model": "auth.permission", "pk": 36, "fields": {"name": "Can view periodic tasks", "content_type": 9, "codename": "view_periodictasks"}}, {"model": "auth.permission", "pk": 37, "fields": {"name": "Can add solar event", "content_type": 10, "codename": "add_solarschedule"}}, {"model": "auth.permission", "pk": 38, "fields": {"name": "Can change solar event", "content_type": 10, "codename": "change_solarschedule"}}, {"model": "auth.permission", "pk": 39, "fields": {"name": "Can delete solar event", "content_type": 10, "codename": "delete_solarschedule"}}, {"model": "auth.permission", "pk": 40, "fields": {"name": "Can view solar event", "content_type": 10, "codename": "view_solarschedule"}}, {"model": "auth.permission", "pk": 41, "fields": {"name": "Can add clocked", "content_type": 11, "codename": "add_clockedschedule"}}, {"model": "auth.permission", "pk": 42, "fields": {"name": "Can change clocked", "content_type": 11, "codename": "change_clockedschedule"}}, {"model": "auth.permission", "pk": 43, "fields": {"name": "Can delete clocked", "content_type": 11, "codename": "delete_clockedschedule"}}, {"model": "auth.permission", "pk": 44, "fields": {"name": "Can view clocked", "content_type": 11, "codename": "view_clockedschedule"}}, {"model": "auth.permission", "pk": 45, "fields": {"name": "Can add Employee", "content_type": 12, "codename": "add_employee"}}, {"model": "auth.permission", "pk": 46, "fields": {"name": "Can change Employee", "content_type": 12, "codename": "change_employee"}}, {"model": "auth.permission", "pk": 47, "fields": {"name": "Can delete Employee", "content_type": 12, "codename": "delete_employee"}}, {"model": "auth.permission", "pk": 48, "fields": {"name": "Can view Employee", "content_type": 12, "codename": "view_employee"}}, {"model": "auth.permission", "pk": 49, "fields": {"name": "Can add attendance record", "content_type": 13, "codename": "add_attendancerecord"}}, {"model": "auth.permission", "pk": 50, "fields": {"name": "Can change attendance record", "content_type": 13, "codename": "change_attendancerecord"}}, {"model": "auth.permission", "pk": 51, "fields": {"name": "Can delete attendance record", "content_type": 13, "codename": "delete_attendancerecord"}}, {"model": "auth.permission", "pk": 52, "fields": {"name": "Can view attendance record", "content_type": 13, "codename": "view_attendancerecord"}}, {"model": "auth.permission", "pk": 53, "fields": {"name": "Can add Attendance Settings", "content_type": 14, "codename": "add_attendancesettings"}}, {"model": "auth.permission", "pk": 54, "fields": {"name": "Can change Attendance Settings", "content_type": 14, "codename": "change_attendancesettings"}}, {"model": "auth.permission", "pk": 55, "fields": {"name": "Can delete Attendance Settings", "content_type": 14, "codename": "delete_attendancesettings"}}, {"model": "auth.permission", "pk": 56, "fields": {"name": "Can view Attendance Settings", "content_type": 14, "codename": "view_attendancesettings"}}, {"model": "auth.permission", "pk": 57, "fields": {"name": "Can add daily attendance", "content_type": 15, "codename": "add_dailyattendance"}}, {"model": "auth.permission", "pk": 58, "fields": {"name": "Can change daily attendance", "content_type": 15, "codename": "change_dailyattendance"}}, {"model": "auth.permission", "pk": 59, "fields": {"name": "Can delete daily attendance", "content_type": 15, "codename": "delete_dailyattendance"}}, {"model": "auth.permission", "pk": 60, "fields": {"name": "Can view daily attendance", "content_type": 15, "codename": "view_dailyattendance"}}, {"model": "auth.permission", "pk": 61, "fields": {"name": "Can add holiday", "content_type": 16, "codename": "add_holiday"}}, {"model": "auth.permission", "pk": 62, "fields": {"name": "Can change holiday", "content_type": 16, "codename": "change_holiday"}}, {"model": "auth.permission", "pk": 63, "fields": {"name": "Can delete holiday", "content_type": 16, "codename": "delete_holiday"}}, {"model": "auth.permission", "pk": 64, "fields": {"name": "Can view holiday", "content_type": 16, "codename": "view_holiday"}}, {"model": "auth.permission", "pk": 65, "fields": {"name": "Can add leave type", "content_type": 17, "codename": "add_leavetype"}}, {"model": "auth.permission", "pk": 66, "fields": {"name": "Can change leave type", "content_type": 17, "codename": "change_leavetype"}}, {"model": "auth.permission", "pk": 67, "fields": {"name": "Can delete leave type", "content_type": 17, "codename": "delete_leavetype"}}, {"model": "auth.permission", "pk": 68, "fields": {"name": "Can view leave type", "content_type": 17, "codename": "view_leavetype"}}, {"model": "auth.permission", "pk": 69, "fields": {"name": "Can add leave request", "content_type": 18, "codename": "add_leaverequest"}}, {"model": "auth.permission", "pk": 70, "fields": {"name": "Can change leave request", "content_type": 18, "codename": "change_leaverequest"}}, {"model": "auth.permission", "pk": 71, "fields": {"name": "Can delete leave request", "content_type": 18, "codename": "delete_leaverequest"}}, {"model": "auth.permission", "pk": 72, "fields": {"name": "Can view leave request", "content_type": 18, "codename": "view_leaverequest"}}, {"model": "auth.permission", "pk": 73, "fields": {"name": "Can add leave balance", "content_type": 19, "codename": "add_leavebalance"}}, {"model": "auth.permission", "pk": 74, "fields": {"name": "Can change leave balance", "content_type": 19, "codename": "change_leavebalance"}}, {"model": "auth.permission", "pk": 75, "fields": {"name": "Can delete leave balance", "content_type": 19, "codename": "delete_leavebalance"}}, {"model": "auth.permission", "pk": 76, "fields": {"name": "Can view leave balance", "content_type": 19, "codename": "view_leavebalance"}}, {"model": "auth.permission", "pk": 77, "fields": {"name": "Can add biometric device", "content_type": 20, "codename": "add_biometricdevice"}}, {"model": "auth.permission", "pk": 78, "fields": {"name": "Can change biometric device", "content_type": 20, "codename": "change_biometricdevice"}}, {"model": "auth.permission", "pk": 79, "fields": {"name": "Can delete biometric device", "content_type": 20, "codename": "delete_biometricdevice"}}, {"model": "auth.permission", "pk": 80, "fields": {"name": "Can view biometric device", "content_type": 20, "codename": "view_biometricdevice"}}, {"model": "auth.permission", "pk": 81, "fields": {"name": "Can add sync log", "content_type": 21, "codename": "add_synclog"}}, {"model": "auth.permission", "pk": 82, "fields": {"name": "Can change sync log", "content_type": 21, "codename": "change_synclog"}}, {"model": "auth.permission", "pk": 83, "fields": {"name": "Can delete sync log", "content_type": 21, "codename": "delete_synclog"}}, {"model": "auth.permission", "pk": 84, "fields": {"name": "Can view sync log", "content_type": 21, "codename": "view_synclog"}}, {"model": "auth.permission", "pk": 85, "fields": {"name": "Can add department", "content_type": 22, "codename": "add_department"}}, {"model": "auth.permission", "pk": 86, "fields": {"name": "Can change department", "content_type": 22, "codename": "change_department"}}, {"model": "auth.permission", "pk": 87, "fields": {"name": "Can delete department", "content_type": 22, "codename": "delete_department"}}, {"model": "auth.permission", "pk": 88, "fields": {"name": "Can view department", "content_type": 22, "codename": "view_department"}}, {"model": "auth.permission", "pk": 89, "fields": {"name": "Can add designation", "content_type": 23, "codename": "add_designation"}}, {"model": "auth.permission", "pk": 90, "fields": {"name": "Can change designation", "content_type": 23, "codename": "change_designation"}}, {"model": "auth.permission", "pk": 91, "fields": {"name": "Can delete designation", "content_type": 23, "codename": "delete_designation"}}, {"model": "auth.permission", "pk": 92, "fields": {"name": "Can view designation", "content_type": 23, "codename": "view_designation"}}, {"model": "auth.permission", "pk": 93, "fields": {"name": "Can add System Settings", "content_type": 24, "codename": "add_systemsettings"}}, {"model": "auth.permission", "pk": 94, "fields": {"name": "Can change System Settings", "content_type": 24, "codename": "change_systemsettings"}}, {"model": "auth.permission", "pk": 95, "fields": {"name": "Can delete System Settings", "content_type": 24, "codename": "delete_systemsettings"}}, {"model": "auth.permission", "pk": 96, "fields": {"name": "Can view System Settings", "content_type": 24, "codename": "view_systemsettings"}}, {"model": "contenttypes.contenttype", "pk": 1, "fields": {"app_label": "admin", "model": "logentry"}}, {"model": "contenttypes.contenttype", "pk": 2, "fields": {"app_label": "auth", "model": "permission"}}, {"model": "contenttypes.contenttype", "pk": 3, "fields": {"app_label": "auth", "model": "group"}}, {"model": "contenttypes.contenttype", "pk": 4, "fields": {"app_label": "contenttypes", "model": "contenttype"}}, {"model": "contenttypes.contenttype", "pk": 5, "fields": {"app_label": "sessions", "model": "session"}}, {"model": "contenttypes.contenttype", "pk": 6, "fields": {"app_label": "django_celery_beat", "model": "crontabschedule"}}, {"model": "contenttypes.contenttype", "pk": 7, "fields": {"app_label": "django_celery_beat", "model": "intervalschedule"}}, {"model": "contenttypes.contenttype", "pk": 8, "fields": {"app_label": "django_celery_beat", "model": "periodictask"}}, {"model": "contenttypes.contenttype", "pk": 9, "fields": {"app_label": "django_celery_beat", "model": "periodictasks"}}, {"model": "contenttypes.contenttype", "pk": 10, "fields": {"app_label": "django_celery_beat", "model": "solarschedule"}}, {"model": "contenttypes.contenttype", "pk": 11, "fields": {"app_label": "django_celery_beat", "model": "clockedschedule"}}, {"model": "contenttypes.contenttype", "pk": 12, "fields": {"app_label": "employees", "model": "employee"}}, {"model": "contenttypes.contenttype", "pk": 13, "fields": {"app_label": "attendance", "model": "attendancerecord"}}, {"model": "contenttypes.contenttype", "pk": 14, "fields": {"app_label": "attendance", "model": "attendancesettings"}}, {"model": "contenttypes.contenttype", "pk": 15, "fields": {"app_label": "attendance", "model": "dailyattendance"}}, {"model": "contenttypes.contenttype", "pk": 16, "fields": {"app_label": "leaves", "model": "holiday"}}, {"model": "contenttypes.contenttype", "pk": 17, "fields": {"app_label": "leaves", "model": "leavetype"}}, {"model": "contenttypes.contenttype", "pk": 18, "fields": {"app_label": "leaves", "model": "leaverequest"}}, {"model": "contenttypes.contenttype", "pk": 19, "fields": {"app_label": "leaves", "model": "leavebalance"}}, {"model": "contenttypes.contenttype", "pk": 20, "fields": {"app_label": "biometric", "model": "biometricdevice"}}, {"model": "contenttypes.contenttype", "pk": 21, "fields": {"app_label": "biometric", "model": "synclog"}}, {"model": "contenttypes.contenttype", "pk": 22, "fields": {"app_label": "employees", "model": "department"}}, {"model": "contenttypes.contenttype", "pk": 23, "fields": {"app_label": "employees", "model": "designation"}}, {"model": "contenttypes.contenttype", "pk": 24, "fields": {"app_label": "core", "model": "systemsettings"}}, {"model": "sessions.session", "pk": "4k7f3e9lsbm6g6q5ip7ex44r4pardpeg", "fields": {"session_data": ".eJxVjMsOgjAQRf-la9NQ6ANduucbmpneqaCmJBRWxn9XEha6veec-1KRtnWMW5UlTlAXZdTpd2NKDyk7wJ3KbdZpLusysd4VfdCqhxnyvB7u38FIdfzWHSSzOXthDpAE762wAaFtJGUHBMAa6ZvAjnPju95ZG4hcm1M25NT7Ay9nOXo:1vd4aC:4rTRhbNL-caqmQgPvgQGMun-pnDwq0zs4DBzIxLlKzE", "expire_date": "2026-01-20T10:46:36.896Z"}}, {"model": "sessions.session", "pk": "64vjl3w7ai8i4zyyanbfbgfg62dfo06w", "fields": {"session_data": ".eJxVjMsOgjAQRf-la9NQ6ANduucbmpneqaCmJBRWxn9XEha6veec-1KRtnWMW5UlTlAXZdTpd2NKDyk7wJ3KbdZpLusysd4VfdCqhxnyvB7u38FIdfzWHSSzOXthDpAE762wAaFtJGUHBMAa6ZvAjnPju95ZG4hcm1M25NT7Ay9nOXo:1vWUyB:fi1cxEienPEQOS8hwzqOQJuSaEviBWpmEUMC7pknKAU", "expire_date": "2026-01-02T07:32:11.437Z"}}, {"model": "sessions.session", "pk": "7hkc5dicyhmxxdciigu0ckk3a6gig4cl", "fields": {"session_data": ".eJxVjMEOwiAQRP-FsyG0UBY9evcbyLK7laqhSWlPxn-XJj3obfLmzbxVxG3NcauyxInVRYE6_bKE9JSyF_zAcp81zWVdpqR3RR9t1beZ5XU93L-DjDW3tcWA0AcIAl6oZQfcG2eZk5iR7MCua8yTGTyOZytIaNEEJx6RO1CfL-f5ODc:1vWTkp:jyttBkakqdEscC7GHJ2TKU5C3KmIEQ7jWomvQC61D18", "expire_date": "2026-01-02T06:14:19.555Z"}}, {"model": "sessions.session", "pk": "d7xnfe80ewboek0zsqf0cblkvnc52vp8", "fields": {"session_data": ".eJxVjMsOgjAQRf-la9NQ6ANduucbmpneqaCmJBRWxn9XEha6veec-1KRtnWMW5UlTlAXZdTpd2NKDyk7wJ3KbdZpLusysd4VfdCqhxnyvB7u38FIdfzWHSSzOXthDpAE762wAaFtJGUHBMAa6ZvAjnPju95ZG4hcm1M25NT7Ay9nOXo:1vXEPf:fV47Ow_T3i7o4q5dK3tfXvANB_39MR7PGKO1mC8oSgw", "expire_date": "2026-01-04T08:03:35.936Z"}}, {"model": "sessions.session", "pk": "f7bkfm00zllppcpjvwbjf4137rhkripx", "fields": {"session_data": ".eJxVjMsOgjAQRf-la9NQ6ANduucbmpneqaCmJBRWxn9XEha6veec-1KRtnWMW5UlTlAXZdTpd2NKDyk7wJ3KbdZpLusysd4VfdCqhxnyvB7u38FIdfzWHSSzOXthDpAE762wAaFtJGUHBMAa6ZvAjnPju95ZG4hcm1M25NT7Ay9nOXo:1vm7oy:JS-hDoxFCmv0PM3gYjy39THLSm4adEuW93rFCp8jD4c", "expire_date": "2026-02-14T10:03:16.720Z"}}, {"model": "sessions.session", "pk": "kz882xfbvydtguvw0ncpx6q9hphq739q", "fields": {"session_data": ".eJxVjMsOgjAQRf-la9NQ6ANduucbmpneqaCmJBRWxn9XEha6veec-1KRtnWMW5UlTlAXZdTpd2NKDyk7wJ3KbdZpLusysd4VfdCqhxnyvB7u38FIdfzWHSSzOXthDpAE762wAaFtJGUHBMAa6ZvAjnPju95ZG4hcm1M25NT7Ay9nOXo:1vXYbd:G1-i0mbSEMp3mIRHMZjiGxpCT6_iLqZZDEkd7baf2uI", "expire_date": "2026-01-05T05:37:17.411Z"}}, {"model": "sessions.session", "pk": "tfn9lj1h0euklj32g83fdcgi2v2kqlrl", "fields": {"session_data": ".eJxVjMsOgjAQRf-la9NQ6ANduucbmpneqaCmJBRWxn9XEha6veec-1KRtnWMW5UlTlAXZdTpd2NKDyk7wJ3KbdZpLusysd4VfdCqhxnyvB7u38FIdfzWHSSzOXthDpAE762wAaFtJGUHBMAa6ZvAjnPju95ZG4hcm1M25NT7Ay9nOXo:1vjGbK:M7B3sZ7tuY2Wh37C6ZalWMLYnswLcQL36rCyA71aFOY", "expire_date": "2026-02-06T12:49:22.909Z"}}, {"model": "sessions.session", "pk": "tnneauzeq3is05uso2m76aikxjd5ejsq", "fields": {"session_data": ".eJxVjMEOwiAQRP-FsyG0UBY9evcbyLK7laqhSWlPxn-XJj3obfLmzbxVxG3NcauyxInVRYE6_bKE9JSyF_zAcp81zWVdpqR3RR9t1beZ5XU93L-DjDW3tcWA0AcIAl6oZQfcG2eZk5iR7MCua8yTGTyOZytIaNEEJx6RO1CfL-f5ODc:1vWD0L:EBhny14bZDlpTo0eSvI9uwP_rK-M6kh7ZmmTHVUwqrk", "expire_date": "2026-01-01T12:21:13.436Z"}}, {"model": "core.systemsettings", "pk": 1, "fields": {"office_start_time": "10:00:00", "office_end_time": "18:30:00", "late_threshold_minutes": 15, "standard_work_hours": "8.00", "overtime_threshold_hours": "8.00", "half_day_threshold_hours": "4.00", "lunch_break_duration": 60, "working_days": "1,2,3,4,5", "additional_settings": {}, "created_at": "2025-12-19T06:44:50.880Z", "updated_at": "2025-12-22T07:20:00.653Z"}}, {"model": "employees.department", "pk": 1, "fields": {"name": "Executive", "code": "EXE", "description": "", "is_active": true, "created_at": "2025-12-18T11:03:57.773Z", "updated_at": "2025-12-18T11:03:57.773Z"}}, {"model": "employees.department", "pk": 2, "fields": {"name": "Backend Development", "code": "BED", "description": "", "is_active": true, "created_at": "2025-12-18T11:04:28.491Z", "updated_at": "2025-12-18T11:04:28.491Z"}}, {"model": "employees.department", "pk": 3, "fields": {"name": "Frontend Development", "code": "FED", "description": "", "is_active": true, "created_at": "2025-12-18T11:04:40.857Z", "updated_at": "2025-12-18T11:04:40.857Z"}}, {"model": "employees.department", "pk": 4, "fields": {"name": "Marketing", "code": "MKT", "description": "", "is_active": true, "created_at": "2025-12-18T11:04:51.253Z", "updated_at": "2025-12-18T11:04:51.254Z"}}, {"model": "employees.department", "pk": 5, "fields": {"name": "UI/UX", "code": "UX", "description": "", "is_active": true, "created_at": "2025-12-18T11:05:05.602Z", "updated_at": "2025-12-18T11:05:05.602Z"}}, {"model": "employees.department", "pk": 6, "fields": {"name": "QA Tester", "code": "QAT", "description": "", "is_active": true, "created_at": "2025-12-19T07:49:07.916Z", "updated_at": "2025-12-19T07:49:07.916Z"}}, {"model": "employees.department", "pk": 7, "fields": {"name": "Mobile App Development", "code": "MAD", "description": "", "is_active": true, "created_at": "2025-12-19T07:49:23.169Z", "updated_at": "2025-12-19T07:49:23.169Z"}}, {"model": "employees.department", "pk": 8, "fields": {"name": "Game Development", "code": "GDT", "description": "", "is_active": true, "created_at": "2025-12-19T08:07:23.202Z", "updated_at": "2025-12-19T08:07:23.202Z"}}, {"model": "employees.designation", "pk": 1, "fields": {"name": "CTO", "code": "CTO", "department": 1, "description": "", "is_active": true, "created_at": "2025-12-18T11:06:30.392Z", "updated_at": "2025-12-18T11:06:30.392Z"}}, {"model": "employees.designation", "pk": 2, "fields": {"name": "Junior Python Developer", "code": "JPD", "department": 2, "description": "", "is_active": true, "created_at": "2025-12-19T07:47:09.410Z", "updated_at": "2025-12-19T07:47:44.396Z"}}, {"model": "employees.designation", "pk": 3, "fields": {"name": "Mid Level Python Developer", "code": "MLPD", "department": 2, "description": "", "is_active": true, "created_at": "2025-12-19T07:47:30.200Z", "updated_at": "2025-12-19T07:47:30.200Z"}}, {"model": "employees.designation", "pk": 4, "fields": {"name": "Mid Level Flutter Developer", "code": "MLFD", "department": 7, "description": "", "is_active": true, "created_at": "2025-12-19T07:48:14.841Z", "updated_at": "2025-12-19T07:50:06.671Z"}}, {"model": "employees.designation", "pk": 5, "fields": {"name": "QA Tester", "code": "QAT", "department": 6, "description": "", "is_active": true, "created_at": "2025-12-19T07:48:40.959Z", "updated_at": "2025-12-19T07:49:41.863Z"}}, {"model": "employees.designation", "pk": 6, "fields": {"name": "UI/UX Designer", "code": "UXD", "department": 5, "description": "", "is_active": true, "created_at": "2025-12-19T08:01:07.971Z", "updated_at": "2025-12-19T08:01:07.971Z"}}, {"model": "employees.designation", "pk": 7, "fields": {"name": "Unity Developer", "code": "UNDP", "department": 8, "description": "", "is_active": true, "created_at": "2025-12-19T08:07:39.362Z", "updated_at": "2025-12-19T08:07:39.362Z"}}, {"model": "employees.employee", "pk": 1, "fields": {"password": "pbkdf2_sha256$600000$rra6kCdsMw3ZZMn3eUEIz0$/EU4BGpjtNzOuY46/VMzNy0mP51xOBTwEIIpCORaLZQ=", "last_login": "2026-01-31T10:03:16.713Z", "is_superuser": true, "username": "admin", "first_name": "Admin", "last_name": "Admin", "email": "admin@admin.com", "is_staff": true, "is_active": true, "employee_id": "100", "phone_number": "", "date_of_birth": null, "gender": "M", "address": "", "profile_picture": "", "department": null, "designation": null, "date_joined": "2025-12-18T10:36:38.521Z", "employment_type": "FT", "status": "AC", "biometric_user_id": null, "biometric_synced": true, "biometric_sync_date": null, "annual_leave_balance": "15.00", "sick_leave_balance": "10.00", "casual_leave_balance": "5.00", "created_at": "2025-12-18T10:36:39.029Z", "updated_at": "2025-12-19T07:32:03.471Z", "groups": [], "user_permissions": []}}, {"model": "employees.employee", "pk": 7, "fields": {"password": "pbkdf2_sha256$600000$8HoydwLpWYghl10Y3EvIri$p7wClfBW6aT2FppDmbyX8yU2VSJOE8iqHnRk/G6o9fA=", "last_login": "2026-01-06T10:43:40.656Z", "is_superuser": false, "username": "sandesh", "first_name": "Sandesh", "last_name": "Satyal", "email": "sandeshsatyal@gmail.com", "is_staff": false, "is_active": true, "employee_id": "101", "phone_number": "9851242075", "date_of_birth": null, "gender": "M", "address": "", "profile_picture": "", "department": 1, "designation": 1, "date_joined": "2025-12-18T12:16:18.661Z", "employment_type": "FT", "status": "AC", "biometric_user_id": null, "biometric_synced": true, "biometric_sync_date": null, "annual_leave_balance": "15.00", "sick_leave_balance": "10.00", "casual_leave_balance": "5.00", "created_at": "2025-12-18T12:16:19.104Z", "updated_at": "2025-12-18T12:16:19.570Z", "groups": [], "user_permissions": []}}, {"model": "employees.employee", "pk": 8, "fields": {"password": "pbkdf2_sha256$600000$cl0ypA0X45htBXg2YIe1Tv$jfOX4zeq8435bcSk1eOkPV2ityYvWw1tnDO7Pe/Y4Aw=", "last_login": null, "is_superuser": false, "username": "rupesh", "first_name": "Rupesh", "last_name": "Dahal", "email": "rupesh@darkmattergame.net", "is_staff": false, "is_active": true, "employee_id": "EMP102", "phone_number": "", "date_of_birth": null, "gender": "M", "address": "", "profile_picture": "", "department": 2, "designation": 2, "date_joined": "2025-12-19T07:58:12.517Z", "employment_type": "FT", "status": "AC", "biometric_user_id": null, "biometric_synced": true, "biometric_sync_date": null, "annual_leave_balance": "15.00", "sick_leave_balance": "10.00", "casual_leave_balance": "5.00", "created_at": "2025-12-19T07:58:12.912Z", "updated_at": "2025-12-19T07:58:13.279Z", "groups": [], "user_permissions": []}}, {"model": "employees.employee", "pk": 9, "fields": {"password": "pbkdf2_sha256$600000$x0RFcti3ZoC1XlQRhjcaI4$W0bvN0v21Vkf3aKG4Kf9nlD21wLj+UJgTintvFKs190=", "last_login": null, "is_superuser": false, "username": "suzen", "first_name": "Suzen", "last_name": "Shah", "email": "suzen@darkmattergame.net", "is_staff": false, "is_active": true, "employee_id": "EMP103", "phone_number": "", "date_of_birth": null, "gender": "M", "address": "", "profile_picture": "", "department": 5, "designation": 6, "date_joined": "2025-12-19T08:01:36.057Z", "employment_type": "IN", "status": "AC", "biometric_user_id": null, "biometric_synced": true, "biometric_sync_date": null, "annual_leave_balance": "15.00", "sick_leave_balance": "10.00", "casual_leave_balance": "5.00", "created_at": "2025-12-19T08:01:36.462Z", "updated_at": "2025-12-19T08:01:36.858Z", "groups": [], "user_permissions": []}}, {"model": "employees.employee", "pk": 10, "fields": {"password": "pbkdf2_sha256$600000$1Ynu2kUiL0XxhLF54LwkZC$NtkXnHT/OFk3EmUXUDXkrFof/U4oKuD1g2z07AW3yV8=", "last_login": null, "is_superuser": false, "username": "nisha", "first_name": "Nisha", "last_name": "S", "email": "nisha@darkmattergame.net", "is_staff": false, "is_active": true, "employee_id": "EMP104", "phone_number": "", "date_of_birth": null, "gender": "M", "address": "", "profile_picture": "", "department": 6, "designation": 5, "date_joined": "2025-12-19T08:02:39.272Z", "employment_type": "IN", "status": "AC", "biometric_user_id": null, "biometric_synced": true, "biometric_sync_date": null, "annual_leave_balance": "15.00", "sick_leave_balance": "10.00", "casual_leave_balance": "5.00", "created_at": "2025-12-19T08:02:39.728Z", "updated_at": "2025-12-19T08:02:40.099Z", "groups": [], "user_permissions": []}}, {"model": "employees.employee", "pk": 11, "fields": {"password": "pbkdf2_sha256$600000$DyaZXQIb5557RmgAowwsQ4$PDHAje9ec7+iUdeEiJl4VmnYnLi8ANEtt+3yjeXWkDY=", "last_login": null, "is_superuser": false, "username": "ranjan", "first_name": "Shree", "last_name": "Ranjan", "email": "shree@darkmattergame.net", "is_staff": false, "is_active": true, "employee_id": "EMP105", "phone_number": "", "date_of_birth": null, "gender": "M", "address": "", "profile_picture": "", "department": 2, "designation": 3, "date_joined": "2025-12-19T08:03:24.096Z", "employment_type": "FT", "status": "AC", "biometric_user_id": null, "biometric_synced": true, "biometric_sync_date": null, "annual_leave_balance": "15.00", "sick_leave_balance": "10.00", "casual_leave_balance": "5.00", "created_at": "2025-12-19T08:03:24.496Z", "updated_at": "2025-12-19T08:03:24.899Z", "groups": [], "user_permissions": []}}, {"model": "employees.employee", "pk": 12, "fields": {"password": "pbkdf2_sha256$600000$nNn9St9kSJomnZx5G8FDuu$nPMd33GqpeW90cCQ5TECMprQ5dXtGpUSO1EszX/ru70=", "last_login": null, "is_superuser": false, "username": "sandeshch", "first_name": "Sandesh", "last_name": "Chhapagain", "email": "sandeshch@darkmattergame.net", "is_staff": false, "is_active": true, "employee_id": "EMP106", "phone_number": "", "date_of_birth": null, "gender": "M", "address": "", "profile_picture": "", "department": 7, "designation": 4, "date_joined": "2025-12-19T08:06:04.793Z", "employment_type": "FT", "status": "AC", "biometric_user_id": null, "biometric_synced": true, "biometric_sync_date": null, "annual_leave_balance": "15.00", "sick_leave_balance": "10.00", "casual_leave_balance": "5.00", "created_at": "2025-12-19T08:06:05.210Z", "updated_at": "2025-12-19T08:06:05.624Z", "groups": [], "user_permissions": []}}, {"model": "employees.employee", "pk": 13, "fields": {"password": "pbkdf2_sha256$600000$vE34Vvs4QThT89sFRjpkeC$keLfguER+RocwWb+NUR4Vxtw8i2IyIXLyBOSwUk/8Xk=", "last_login": null, "is_superuser": false, "username": "savya", "first_name": "Savya", "last_name": "Shah", "email": "savya@darkmattergame.net", "is_staff": false, "is_active": true, "employee_id": "EMP107", "phone_number": "", "date_of_birth": null, "gender": "M", "address": "", "profile_picture": "", "department": 8, "designation": 7, "date_joined": "2025-12-19T08:08:10.384Z", "employment_type": "FT", "status": "AC", "biometric_user_id": null, "biometric_synced": true, "biometric_sync_date": null, "annual_leave_balance": "15.00", "sick_leave_balance": "10.00", "casual_leave_balance": "5.00", "created_at": "2025-12-19T08:08:10.774Z", "updated_at": "2025-12-19T08:08:11.153Z", "groups": [], "user_permissions": []}}, {"model": "employees.employee", "pk": 14, "fields": {"password": "pbkdf2_sha256$600000$WRiCC3hTOiVKRGBg6wNS2V$ptEnt8hAEMItjZosFpd0mH9V9NFTPk/kkFBI18rnO0c=", "last_login": null, "is_superuser": false, "username": "mausam", "first_name": "Mausam", "last_name": "M", "email": "mausam@darkmattergame.net", "is_staff": false, "is_active": true, "employee_id": "EMP108", "phone_number": "", "date_of_birth": null, "gender": "M", "address": "", "profile_picture": "", "department": 8, "designation": 7, "date_joined": "2025-12-19T08:08:43.083Z", "employment_type": "IN", "status": "AC", "biometric_user_id": null, "biometric_synced": true, "biometric_sync_date": null, "annual_leave_balance": "15.00", "sick_leave_balance": "10.00", "casual_leave_balance": "5.00", "created_at": "2025-12-19T08:08:43.475Z", "updated_at": "2025-12-19T08:08:43.857Z", "groups": [], "user_permissions": []}}, {"model": "attendance.attendancerecord", "pk": 16, "fields": {"employee": 11, "punch_time": "2025-12-21T04:15:41Z", "punch_type": "IN", "biometric_user_id": 613, "device_id": "", "punch_state": 0, "verify_type": 1, "synced_at": "2025-12-21T08:03:42.212Z", "is_manual": false, "notes": ""}}, {"model": "attendance.attendancerecord", "pk": 17, "fields": {"employee": 12, "punch_time": "2025-12-21T04:15:50Z", "punch_type": "IN", "biometric_user_id": 614, "device_id": "", "punch_state": 0, "verify_type": 1, "synced_at": "2025-12-21T08:03:42.304Z", "is_manual": false, "notes": ""}}, {"model": "attendance.attendancerecord", "pk": 18, "fields": {"employee": 12, "punch_time": "2025-12-22T04:17:12Z", "punch_type": "IN", "biometric_user_id": 615, "device_id": "", "punch_state": 0, "verify_type": 1, "synced_at": "2025-12-22T05:37:22.167Z", "is_manual": false, "notes": ""}}, {"model": "attendance.attendancerecord", "pk": 19, "fields": {"employee": 11, "punch_time": "2025-12-22T04:17:33Z", "punch_type": "IN", "biometric_user_id": 616, "device_id": "", "punch_state": 0, "verify_type": 1, "synced_at": "2025-12-22T05:37:22.208Z", "is_manual": false, "notes": ""}}, {"model": "attendance.attendancerecord", "pk": 20, "fields": {"employee": 7, "punch_time": "2025-12-22T07:36:56Z", "punch_type": "IN", "biometric_user_id": 617, "device_id": "", "punch_state": 0, "verify_type": 1, "synced_at": "2025-12-22T07:36:58.719Z", "is_manual": false, "notes": ""}}, {"model": "attendance.attendancerecord", "pk": 21, "fields": {"employee": 7, "punch_time": "2025-12-22T07:39:45Z", "punch_type": "IN", "biometric_user_id": 618, "device_id": "", "punch_state": 0, "verify_type": 1, "synced_at": "2025-12-22T07:39:47.030Z", "is_manual": false, "notes": ""}}, {"model": "attendance.attendancerecord", "pk": 22, "fields": {"employee": 12, "punch_time": "2026-01-05T04:15:23Z", "punch_type": "IN", "biometric_user_id": 635, "device_id": "", "punch_state": 0, "verify_type": 1, "synced_at": "2026-01-06T10:46:43.066Z", "is_manual": false, "notes": ""}}, {"model": "attendance.attendancerecord", "pk": 23, "fields": {"employee": 8, "punch_time": "2026-01-05T04:47:06Z", "punch_type": "IN", "biometric_user_id": 636, "device_id": "", "punch_state": 0, "verify_type": 1, "synced_at": "2026-01-06T10:46:43.105Z", "is_manual": false, "notes": ""}}, {"model": "attendance.attendancerecord", "pk": 24, "fields": {"employee": 9, "punch_time": "2026-01-05T05:07:40Z", "punch_type": "IN", "biometric_user_id": 637, "device_id": "", "punch_state": 0, "verify_type": 1, "synced_at": "2026-01-06T10:46:43.127Z", "is_manual": false, "notes": ""}}, {"model": "attendance.attendancerecord", "pk": 25, "fields": {"employee": 12, "punch_time": "2026-01-06T04:03:07Z", "punch_type": "IN", "biometric_user_id": 638, "device_id": "", "punch_state": 0, "verify_type": 1, "synced_at": "2026-01-06T10:46:43.150Z", "is_manual": false, "notes": ""}}, {"model": "attendance.attendancerecord", "pk": 26, "fields": {"employee": 8, "punch_time": "2026-01-06T04:40:17Z", "punch_type": "IN", "biometric_user_id": 639, "device_id": "", "punch_state": 0, "verify_type": 1, "synced_at": "2026-01-06T10:46:43.172Z", "is_manual": false, "notes": ""}}, {"model": "attendance.attendancerecord", "pk": 27, "fields": {"employee": 9, "punch_time": "2026-01-06T04:54:01Z", "punch_type": "IN", "biometric_user_id": 640, "device_id": "", "punch_state": 0, "verify_type": 1, "synced_at": "2026-01-06T10:46:43.194Z", "is_manual": false, "notes": ""}}, {"model": "attendance.attendancerecord", "pk": 28, "fields": {"employee": 14, "punch_time": "2026-01-06T10:03:07Z", "punch_type": "IN", "biometric_user_id": 641, "device_id": "", "punch_state": 0, "verify_type": 1, "synced_at": "2026-01-06T10:46:43.216Z", "is_manual": false, "notes": ""}}, {"model": "attendance.attendancerecord", "pk": 29, "fields": {"employee": 12, "punch_time": "2025-12-29T04:14:38Z", "punch_type": "IN", "biometric_user_id": 626, "device_id": "", "punch_state": 0, "verify_type": 1, "synced_at": "2026-01-06T10:47:02.659Z", "is_manual": false, "notes": ""}}, {"model": "attendance.attendancerecord", "pk": 30, "fields": {"employee": 8, "punch_time": "2025-12-29T04:40:15Z", "punch_type": "IN", "biometric_user_id": 627, "device_id": "", "punch_state": 0, "verify_type": 1, "synced_at": "2026-01-06T10:47:02.696Z", "is_manual": false, "notes": ""}}, {"model": "attendance.attendancerecord", "pk": 31, "fields": {"employee": 12, "punch_time": "2025-12-30T04:12:02Z", "punch_type": "IN", "biometric_user_id": 628, "device_id": "", "punch_state": 0, "verify_type": 1, "synced_at": "2026-01-06T10:47:02.728Z", "is_manual": false, "notes": ""}}, {"model": "attendance.attendancerecord", "pk": 32, "fields": {"employee": 14, "punch_time": "2025-12-30T10:33:25Z", "punch_type": "IN", "biometric_user_id": 629, "device_id": "", "punch_state": 0, "verify_type": 1, "synced_at": "2026-01-06T10:47:02.780Z", "is_manual": false, "notes": ""}}, {"model": "attendance.attendancerecord", "pk": 33, "fields": {"employee": 12, "punch_time": "2025-12-31T04:10:55Z", "punch_type": "IN", "biometric_user_id": 630, "device_id": "", "punch_state": 0, "verify_type": 1, "synced_at": "2026-01-06T10:47:02.810Z", "is_manual": false, "notes": ""}}, {"model": "attendance.attendancerecord", "pk": 34, "fields": {"employee": 12, "punch_time": "2026-01-02T04:18:46Z", "punch_type": "IN", "biometric_user_id": 631, "device_id": "", "punch_state": 0, "verify_type": 1, "synced_at": "2026-01-06T10:47:02.837Z", "is_manual": false, "notes": ""}}, {"model": "attendance.attendancerecord", "pk": 35, "fields": {"employee": 12, "punch_time": "2026-01-04T04:09:54Z", "punch_type": "IN", "biometric_user_id": 632, "device_id": "", "punch_state": 0, "verify_type": 1, "synced_at": "2026-01-06T10:47:02.864Z", "is_manual": false, "notes": ""}}, {"model": "attendance.attendancerecord", "pk": 36, "fields": {"employee": 9, "punch_time": "2026-01-04T05:10:13Z", "punch_type": "IN", "biometric_user_id": 633, "device_id": "", "punch_state": 0, "verify_type": 1, "synced_at": "2026-01-06T10:47:02.889Z", "is_manual": false, "notes": ""}}, {"model": "attendance.attendancerecord", "pk": 37, "fields": {"employee": 10, "punch_time": "2026-01-04T05:10:40Z", "punch_type": "IN", "biometric_user_id": 634, "device_id": "", "punch_state": 0, "verify_type": 1, "synced_at": "2026-01-06T10:47:02.911Z", "is_manual": false, "notes": ""}}, {"model": "attendance.attendancerecord", "pk": 38, "fields": {"employee": 11, "punch_time": "2025-12-23T04:01:40Z", "punch_type": "IN", "biometric_user_id": 619, "device_id": "", "punch_state": 0, "verify_type": 1, "synced_at": "2026-01-06T10:47:07.203Z", "is_manual": false, "notes": ""}}, {"model": "attendance.attendancerecord", "pk": 39, "fields": {"employee": 12, "punch_time": "2025-12-23T04:17:24Z", "punch_type": "IN", "biometric_user_id": 620, "device_id": "", "punch_state": 0, "verify_type": 1, "synced_at": "2026-01-06T10:47:07.236Z", "is_manual": false, "notes": ""}}, {"model": "attendance.attendancerecord", "pk": 40, "fields": {"employee": 11, "punch_time": "2025-12-24T04:10:20Z", "punch_type": "IN", "biometric_user_id": 621, "device_id": "", "punch_state": 0, "verify_type": 1, "synced_at": "2026-01-06T10:47:07.264Z", "is_manual": false, "notes": ""}}, {"model": "attendance.attendancerecord", "pk": 41, "fields": {"employee": 12, "punch_time": "2025-12-24T04:33:47Z", "punch_type": "IN", "biometric_user_id": 622, "device_id": "", "punch_state": 0, "verify_type": 1, "synced_at": "2026-01-06T10:47:07.290Z", "is_manual": false, "notes": ""}}, {"model": "attendance.attendancerecord", "pk": 42, "fields": {"employee": 8, "punch_time": "2025-12-24T04:33:54Z", "punch_type": "IN", "biometric_user_id": 623, "device_id": "", "punch_state": 0, "verify_type": 1, "synced_at": "2026-01-06T10:47:07.312Z", "is_manual": false, "notes": ""}}, {"model": "attendance.attendancerecord", "pk": 43, "fields": {"employee": 12, "punch_time": "2025-12-25T04:24:46Z", "punch_type": "IN", "biometric_user_id": 624, "device_id": "", "punch_state": 0, "verify_type": 1, "synced_at": "2026-01-06T10:47:07.335Z", "is_manual": false, "notes": ""}}, {"model": "attendance.attendancerecord", "pk": 44, "fields": {"employee": 12, "punch_time": "2025-12-26T04:27:16Z", "punch_type": "IN", "biometric_user_id": 625, "device_id": "", "punch_state": 0, "verify_type": 1, "synced_at": "2026-01-06T10:47:07.359Z", "is_manual": false, "notes": ""}}, {"model": "attendance.attendancerecord", "pk": 45, "fields": {"employee": 12, "punch_time": "2026-01-23T04:14:38Z", "punch_type": "IN", "biometric_user_id": 713, "device_id": "", "punch_state": 0, "verify_type": 1, "synced_at": "2026-01-23T12:49:31.602Z", "is_manual": false, "notes": ""}}, {"model": "attendance.attendancerecord", "pk": 46, "fields": {"employee": 14, "punch_time": "2026-01-23T04:31:39Z", "punch_type": "IN", "biometric_user_id": 714, "device_id": "", "punch_state": 0, "verify_type": 1, "synced_at": "2026-01-23T12:49:31.641Z", "is_manual": false, "notes": ""}}, {"model": "attendance.attendancerecord", "pk": 47, "fields": {"employee": 10, "punch_time": "2026-01-23T04:51:50Z", "punch_type": "IN", "biometric_user_id": 715, "device_id": "", "punch_state": 0, "verify_type": 1, "synced_at": "2026-01-23T12:49:31.667Z", "is_manual": false, "notes": ""}}, {"model": "attendance.attendancerecord", "pk": 48, "fields": {"employee": 9, "punch_time": "2026-01-23T05:44:55Z", "punch_type": "IN", "biometric_user_id": 716, "device_id": "", "punch_state": 0, "verify_type": 1, "synced_at": "2026-01-23T12:49:31.691Z", "is_manual": false, "notes": ""}}, {"model": "attendance.attendancerecord", "pk": 49, "fields": {"employee": 9, "punch_time": "2026-01-23T12:40:25Z", "punch_type": "IN", "biometric_user_id": 717, "device_id": "", "punch_state": 0, "verify_type": 1, "synced_at": "2026-01-23T12:49:31.714Z", "is_manual": false, "notes": ""}}, {"model": "attendance.attendancerecord", "pk": 50, "fields": {"employee": 10, "punch_time": "2026-01-23T12:43:25Z", "punch_type": "IN", "biometric_user_id": 718, "device_id": "", "punch_state": 0, "verify_type": 1, "synced_at": "2026-01-23T12:49:31.732Z", "is_manual": false, "notes": ""}}, {"model": "attendance.attendancerecord", "pk": 51, "fields": {"employee": 14, "punch_time": "2026-01-23T12:43:56Z", "punch_type": "IN", "biometric_user_id": 719, "device_id": "", "punch_state": 0, "verify_type": 1, "synced_at": "2026-01-23T12:49:31.748Z", "is_manual": false, "notes": ""}}, {"model": "attendance.attendancerecord", "pk": 52, "fields": {"employee": 12, "punch_time": "2026-01-23T12:44:29Z", "punch_type": "IN", "biometric_user_id": 720, "device_id": "", "punch_state": 0, "verify_type": 1, "synced_at": "2026-01-23T12:49:31.763Z", "is_manual": false, "notes": ""}}, {"model": "attendance.attendancerecord", "pk": 53, "fields": {"employee": 12, "punch_time": "2026-01-19T04:14:10Z", "punch_type": "IN", "biometric_user_id": 687, "device_id": "", "punch_state": 0, "verify_type": 1, "synced_at": "2026-01-23T12:49:50.442Z", "is_manual": false, "notes": ""}}, {"model": "attendance.attendancerecord", "pk": 54, "fields": {"employee": 14, "punch_time": "2026-01-19T04:30:15Z", "punch_type": "IN", "biometric_user_id": 688, "device_id": "", "punch_state": 0, "verify_type": 1, "synced_at": "2026-01-23T12:49:50.479Z", "is_manual": false, "notes": ""}}, {"model": "attendance.attendancerecord", "pk": 55, "fields": {"employee": 8, "punch_time": "2026-01-19T04:41:57Z", "punch_type": "IN", "biometric_user_id": 689, "device_id": "", "punch_state": 0, "verify_type": 1, "synced_at": "2026-01-23T12:49:50.503Z", "is_manual": false, "notes": ""}}, {"model": "attendance.attendancerecord", "pk": 56, "fields": {"employee": 10, "punch_time": "2026-01-19T04:42:11Z", "punch_type": "IN", "biometric_user_id": 690, "device_id": "", "punch_state": 0, "verify_type": 1, "synced_at": "2026-01-23T12:49:50.525Z", "is_manual": false, "notes": ""}}, {"model": "attendance.attendancerecord", "pk": 57, "fields": {"employee": 9, "punch_time": "2026-01-19T05:14:47Z", "punch_type": "IN", "biometric_user_id": 691, "device_id": "", "punch_state": 0, "verify_type": 1, "synced_at": "2026-01-23T12:49:50.550Z", "is_manual": false, "notes": ""}}, {"model": "attendance.attendancerecord", "pk": 58, "fields": {"employee": 12, "punch_time": "2026-01-19T12:44:47Z", "punch_type": "IN", "biometric_user_id": 692, "device_id": "", "punch_state": 0, "verify_type": 1, "synced_at": "2026-01-23T12:49:50.573Z", "is_manual": false, "notes": ""}}, {"model": "attendance.attendancerecord", "pk": 59, "fields": {"employee": 9, "punch_time": "2026-01-19T12:44:55Z", "punch_type": "IN", "biometric_user_id": 693, "device_id": "", "punch_state": 0, "verify_type": 1, "synced_at": "2026-01-23T12:49:50.594Z", "is_manual": false, "notes": ""}}, {"model": "attendance.attendancerecord", "pk": 60, "fields": {"employee": 12, "punch_time": "2026-01-20T04:21:12Z", "punch_type": "IN", "biometric_user_id": 694, "device_id": "", "punch_state": 0, "verify_type": 1, "synced_at": "2026-01-23T12:49:50.616Z", "is_manual": false, "notes": ""}}, {"model": "attendance.attendancerecord", "pk": 61, "fields": {"employee": 14, "punch_time": "2026-01-20T04:34:16Z", "punch_type": "IN", "biometric_user_id": 695, "device_id": "", "punch_state": 0, "verify_type": 1, "synced_at": "2026-01-23T12:49:50.647Z", "is_manual": false, "notes": ""}}, {"model": "attendance.attendancerecord", "pk": 62, "fields": {"employee": 10, "punch_time": "2026-01-20T04:49:13Z", "punch_type": "IN", "biometric_user_id": 696, "device_id": "", "punch_state": 0, "verify_type": 1, "synced_at": "2026-01-23T12:49:50.672Z", "is_manual": false, "notes": ""}}, {"model": "attendance.attendancerecord", "pk": 63, "fields": {"employee": 9, "punch_time": "2026-01-20T05:28:59Z", "punch_type": "IN", "biometric_user_id": 697, "device_id": "", "punch_state": 0, "verify_type": 1, "synced_at": "2026-01-23T12:49:50.696Z", "is_manual": false, "notes": ""}}, {"model": "attendance.attendancerecord", "pk": 64, "fields": {"employee": 8, "punch_time": "2026-01-20T05:29:18Z", "punch_type": "IN", "biometric_user_id": 698, "device_id": "", "punch_state": 0, "verify_type": 1, "synced_at": "2026-01-23T12:49:50.720Z", "is_manual": false, "notes": ""}}, {"model": "attendance.attendancerecord", "pk": 65, "fields": {"employee": 9, "punch_time": "2026-01-20T12:29:54Z", "punch_type": "IN", "biometric_user_id": 699, "device_id": "", "punch_state": 0, "verify_type": 1, "synced_at": "2026-01-23T12:49:50.742Z", "is_manual": false, "notes": ""}}, {"model": "attendance.attendancerecord", "pk": 66, "fields": {"employee": 10, "punch_time": "2026-01-20T12:30:41Z", "punch_type": "IN", "biometric_user_id": 700, "device_id": "", "punch_state": 0, "verify_type": 1, "synced_at": "2026-01-23T12:49:50.759Z", "is_manual": false, "notes": ""}}, {"model": "attendance.attendancerecord", "pk": 67, "fields": {"employee": 14, "punch_time": "2026-01-20T12:33:06Z", "punch_type": "IN", "biometric_user_id": 701, "device_id": "", "punch_state": 0, "verify_type": 1, "synced_at": "2026-01-23T12:49:50.775Z", "is_manual": false, "notes": ""}}, {"model": "attendance.attendancerecord", "pk": 68, "fields": {"employee": 12, "punch_time": "2026-01-20T12:39:36Z", "punch_type": "IN", "biometric_user_id": 702, "device_id": "", "punch_state": 0, "verify_type": 1, "synced_at": "2026-01-23T12:49:50.790Z", "is_manual": false, "notes": ""}}, {"model": "attendance.attendancerecord", "pk": 69, "fields": {"employee": 12, "punch_time": "2026-01-21T04:12:56Z", "punch_type": "IN", "biometric_user_id": 703, "device_id": "", "punch_state": 0, "verify_type": 1, "synced_at": "2026-01-23T12:49:50.804Z", "is_manual": false, "notes": ""}}, {"model": "attendance.attendancerecord", "pk": 70, "fields": {"employee": 14, "punch_time": "2026-01-21T04:31:06Z", "punch_type": "IN", "biometric_user_id": 704, "device_id": "", "punch_state": 0, "verify_type": 1, "synced_at": "2026-01-23T12:49:50.826Z", "is_manual": false, "notes": ""}}, {"model": "attendance.attendancerecord", "pk": 71, "fields": {"employee": 8, "punch_time": "2026-01-21T05:04:29Z", "punch_type": "IN", "biometric_user_id": 705, "device_id": "", "punch_state": 0, "verify_type": 1, "synced_at": "2026-01-23T12:49:50.851Z", "is_manual": false, "notes": ""}}, {"model": "attendance.attendancerecord", "pk": 72, "fields": {"employee": 12, "punch_time": "2026-01-22T04:29:34Z", "punch_type": "IN", "biometric_user_id": 706, "device_id": "", "punch_state": 0, "verify_type": 1, "synced_at": "2026-01-23T12:49:50.872Z", "is_manual": false, "notes": ""}}, {"model": "attendance.attendancerecord", "pk": 73, "fields": {"employee": 14, "punch_time": "2026-01-22T04:29:41Z", "punch_type": "IN", "biometric_user_id": 707, "device_id": "", "punch_state": 0, "verify_type": 1, "synced_at": "2026-01-23T12:49:50.893Z", "is_manual": false, "notes": ""}}, {"model": "attendance.attendancerecord", "pk": 74, "fields": {"employee": 10, "punch_time": "2026-01-22T04:53:18Z", "punch_type": "IN", "biometric_user_id": 708, "device_id": "", "punch_state": 0, "verify_type": 1, "synced_at": "2026-01-23T12:49:50.917Z", "is_manual": false, "notes": ""}}, {"model": "attendance.attendancerecord", "pk": 75, "fields": {"employee": 8, "punch_time": "2026-01-22T05:49:48Z", "punch_type": "IN", "biometric_user_id": 709, "device_id": "", "punch_state": 0, "verify_type": 1, "synced_at": "2026-01-23T12:49:50.940Z", "is_manual": false, "notes": ""}}, {"model": "attendance.attendancerecord", "pk": 76, "fields": {"employee": 14, "punch_time": "2026-01-22T12:41:16Z", "punch_type": "IN", "biometric_user_id": 710, "device_id": "", "punch_state": 0, "verify_type": 1, "synced_at": "2026-01-23T12:49:50.963Z", "is_manual": false, "notes": ""}}, {"model": "attendance.attendancerecord", "pk": 77, "fields": {"employee": 12, "punch_time": "2026-01-22T12:43:50Z", "punch_type": "IN", "biometric_user_id": 711, "device_id": "", "punch_state": 0, "verify_type": 1, "synced_at": "2026-01-23T12:49:50.983Z", "is_manual": false, "notes": ""}}, {"model": "attendance.attendancerecord", "pk": 78, "fields": {"employee": 10, "punch_time": "2026-01-22T12:44:09Z", "punch_type": "IN", "biometric_user_id": 712, "device_id": "", "punch_state": 0, "verify_type": 1, "synced_at": "2026-01-23T12:49:51.004Z", "is_manual": false, "notes": ""}}, {"model": "attendance.dailyattendance", "pk": 12, "fields": {"employee": 11, "date": "2025-12-21", "status": "PR", "check_in_time": "10:00:41", "check_out_time": null, "total_hours": null, "total_break_time": "0.00", "is_late": false, "is_early_departure": false, "is_overtime": false, "overtime_hours": "0.00", "created_at": "2025-12-21T08:03:42.263Z", "updated_at": "2025-12-22T07:36:00.848Z", "notes": ""}}, {"model": "attendance.dailyattendance", "pk": 13, "fields": {"employee": 12, "date": "2025-12-21", "status": "PR", "check_in_time": "10:00:50", "check_out_time": null, "total_hours": null, "total_break_time": "0.00", "is_late": false, "is_early_departure": false, "is_overtime": false, "overtime_hours": "0.00", "created_at": "2025-12-21T08:03:42.314Z", "updated_at": "2025-12-22T07:36:06.068Z", "notes": ""}}, {"model": "attendance.dailyattendance", "pk": 14, "fields": {"employee": 12, "date": "2025-12-22", "status": "PR", "check_in_time": "10:02:12", "check_out_time": null, "total_hours": null, "total_break_time": "0.00", "is_late": false, "is_early_departure": false, "is_overtime": false, "overtime_hours": "0.00", "created_at": "2025-12-22T05:37:22.183Z", "updated_at": "2025-12-22T07:36:11.077Z", "notes": ""}}, {"model": "attendance.dailyattendance", "pk": 15, "fields": {"employee": 11, "date": "2025-12-22", "status": "PR", "check_in_time": "10:02:33", "check_out_time": null, "total_hours": null, "total_break_time": "0.00", "is_late": false, "is_early_departure": false, "is_overtime": false, "overtime_hours": "0.00", "created_at": "2025-12-22T05:37:22.217Z", "updated_at": "2025-12-22T07:36:15.194Z", "notes": ""}}, {"model": "attendance.dailyattendance", "pk": 16, "fields": {"employee": 7, "date": "2025-12-22", "status": "HL", "check_in_time": "13:21:56", "check_out_time": "13:24:45", "total_hours": "0.05", "total_break_time": "0.00", "is_late": true, "is_early_departure": false, "is_overtime": false, "overtime_hours": "0.00", "created_at": "2025-12-22T07:36:58.733Z", "updated_at": "2025-12-22T07:39:47.055Z", "notes": ""}}, {"model": "attendance.dailyattendance", "pk": 17, "fields": {"employee": 12, "date": "2026-01-05", "status": "PR", "check_in_time": "10:00:23", "check_out_time": null, "total_hours": null, "total_break_time": "0.00", "is_late": false, "is_early_departure": false, "is_overtime": false, "overtime_hours": "0.00", "created_at": "2026-01-06T10:46:43.083Z", "updated_at": "2026-01-06T10:46:43.099Z", "notes": ""}}, {"model": "attendance.dailyattendance", "pk": 18, "fields": {"employee": 8, "date": "2026-01-05", "status": "PR", "check_in_time": "10:32:06", "check_out_time": null, "total_hours": null, "total_break_time": "0.00", "is_late": true, "is_early_departure": false, "is_overtime": false, "overtime_hours": "0.00", "created_at": "2026-01-06T10:46:43.112Z", "updated_at": "2026-01-06T10:46:43.122Z", "notes": ""}}, {"model": "attendance.dailyattendance", "pk": 19, "fields": {"employee": 9, "date": "2026-01-05", "status": "PR", "check_in_time": "10:52:40", "check_out_time": null, "total_hours": null, "total_break_time": "0.00", "is_late": true, "is_early_departure": false, "is_overtime": false, "overtime_hours": "0.00", "created_at": "2026-01-06T10:46:43.134Z", "updated_at": "2026-01-06T10:46:43.144Z", "notes": ""}}, {"model": "attendance.dailyattendance", "pk": 20, "fields": {"employee": 12, "date": "2026-01-06", "status": "PR", "check_in_time": "09:48:07", "check_out_time": null, "total_hours": null, "total_break_time": "0.00", "is_late": false, "is_early_departure": false, "is_overtime": false, "overtime_hours": "0.00", "created_at": "2026-01-06T10:46:43.157Z", "updated_at": "2026-01-06T10:46:43.166Z", "notes": ""}}, {"model": "attendance.dailyattendance", "pk": 21, "fields": {"employee": 8, "date": "2026-01-06", "status": "PR", "check_in_time": "10:25:17", "check_out_time": null, "total_hours": null, "total_break_time": "0.00", "is_late": true, "is_early_departure": false, "is_overtime": false, "overtime_hours": "0.00", "created_at": "2026-01-06T10:46:43.179Z", "updated_at": "2026-01-06T10:46:43.188Z", "notes": ""}}, {"model": "attendance.dailyattendance", "pk": 22, "fields": {"employee": 9, "date": "2026-01-06", "status": "PR", "check_in_time": "10:39:01", "check_out_time": null, "total_hours": null, "total_break_time": "0.00", "is_late": true, "is_early_departure": false, "is_overtime": false, "overtime_hours": "0.00", "created_at": "2026-01-06T10:46:43.201Z", "updated_at": "2026-01-06T10:46:43.211Z", "notes": ""}}, {"model": "attendance.dailyattendance", "pk": 23, "fields": {"employee": 14, "date": "2026-01-06", "status": "PR", "check_in_time": "15:48:07", "check_out_time": null, "total_hours": null, "total_break_time": "0.00", "is_late": true, "is_early_departure": false, "is_overtime": false, "overtime_hours": "0.00", "created_at": "2026-01-06T10:46:43.222Z", "updated_at": "2026-01-06T10:46:43.231Z", "notes": ""}}, {"model": "attendance.dailyattendance", "pk": 24, "fields": {"employee": 12, "date": "2025-12-29", "status": "PR", "check_in_time": "09:59:38", "check_out_time": null, "total_hours": null, "total_break_time": "0.00", "is_late": false, "is_early_departure": false, "is_overtime": false, "overtime_hours": "0.00", "created_at": "2026-01-06T10:47:02.670Z", "updated_at": "2026-01-06T10:47:02.687Z", "notes": ""}}, {"model": "attendance.dailyattendance", "pk": 25, "fields": {"employee": 8, "date": "2025-12-29", "status": "PR", "check_in_time": "10:25:15", "check_out_time": null, "total_hours": null, "total_break_time": "0.00", "is_late": true, "is_early_departure": false, "is_overtime": false, "overtime_hours": "0.00", "created_at": "2026-01-06T10:47:02.707Z", "updated_at": "2026-01-06T10:47:02.721Z", "notes": ""}}, {"model": "attendance.dailyattendance", "pk": 26, "fields": {"employee": 12, "date": "2025-12-30", "status": "PR", "check_in_time": "09:57:02", "check_out_time": null, "total_hours": null, "total_break_time": "0.00", "is_late": false, "is_early_departure": false, "is_overtime": false, "overtime_hours": "0.00", "created_at": "2026-01-06T10:47:02.736Z", "updated_at": "2026-01-06T10:47:02.772Z", "notes": ""}}, {"model": "attendance.dailyattendance", "pk": 27, "fields": {"employee": 14, "date": "2025-12-30", "status": "PR", "check_in_time": "16:18:25", "check_out_time": null, "total_hours": null, "total_break_time": "0.00", "is_late": true, "is_early_departure": false, "is_overtime": false, "overtime_hours": "0.00", "created_at": "2026-01-06T10:47:02.788Z", "updated_at": "2026-01-06T10:47:02.802Z", "notes": ""}}, {"model": "attendance.dailyattendance", "pk": 28, "fields": {"employee": 12, "date": "2025-12-31", "status": "PR", "check_in_time": "09:55:55", "check_out_time": null, "total_hours": null, "total_break_time": "0.00", "is_late": false, "is_early_departure": false, "is_overtime": false, "overtime_hours": "0.00", "created_at": "2026-01-06T10:47:02.818Z", "updated_at": "2026-01-06T10:47:02.831Z", "notes": ""}}, {"model": "attendance.dailyattendance", "pk": 29, "fields": {"employee": 12, "date": "2026-01-02", "status": "PR", "check_in_time": "10:03:46", "check_out_time": null, "total_hours": null, "total_break_time": "0.00", "is_late": false, "is_early_departure": false, "is_overtime": false, "overtime_hours": "0.00", "created_at": "2026-01-06T10:47:02.844Z", "updated_at": "2026-01-06T10:47:02.854Z", "notes": ""}}, {"model": "attendance.dailyattendance", "pk": 30, "fields": {"employee": 12, "date": "2026-01-04", "status": "PR", "check_in_time": "09:54:54", "check_out_time": null, "total_hours": null, "total_break_time": "0.00", "is_late": false, "is_early_departure": false, "is_overtime": false, "overtime_hours": "0.00", "created_at": "2026-01-06T10:47:02.872Z", "updated_at": "2026-01-06T10:47:02.882Z", "notes": ""}}, {"model": "attendance.dailyattendance", "pk": 31, "fields": {"employee": 9, "date": "2026-01-04", "status": "PR", "check_in_time": "10:55:13", "check_out_time": null, "total_hours": null, "total_break_time": "0.00", "is_late": true, "is_early_departure": false, "is_overtime": false, "overtime_hours": "0.00", "created_at": "2026-01-06T10:47:02.896Z", "updated_at": "2026-01-06T10:47:02.905Z", "notes": ""}}, {"model": "attendance.dailyattendance", "pk": 32, "fields": {"employee": 10, "date": "2026-01-04", "status": "PR", "check_in_time": "10:55:40", "check_out_time": null, "total_hours": null, "total_break_time": "0.00", "is_late": true, "is_early_departure": false, "is_overtime": false, "overtime_hours": "0.00", "created_at": "2026-01-06T10:47:02.918Z", "updated_at": "2026-01-06T10:47:02.927Z", "notes": ""}}, {"model": "attendance.dailyattendance", "pk": 33, "fields": {"employee": 11, "date": "2025-12-23", "status": "PR", "check_in_time": "09:46:40", "check_out_time": null, "total_hours": null, "total_break_time": "0.00", "is_late": false, "is_early_departure": false, "is_overtime": false, "overtime_hours": "0.00", "created_at": "2026-01-06T10:47:07.215Z", "updated_at": "2026-01-06T10:47:07.229Z", "notes": ""}}, {"model": "attendance.dailyattendance", "pk": 34, "fields": {"employee": 12, "date": "2025-12-23", "status": "PR", "check_in_time": "10:02:24", "check_out_time": null, "total_hours": null, "total_break_time": "0.00", "is_late": false, "is_early_departure": false, "is_overtime": false, "overtime_hours": "0.00", "created_at": "2026-01-06T10:47:07.243Z", "updated_at": "2026-01-06T10:47:07.258Z", "notes": ""}}, {"model": "attendance.dailyattendance", "pk": 35, "fields": {"employee": 11, "date": "2025-12-24", "status": "PR", "check_in_time": "09:55:20", "check_out_time": null, "total_hours": null, "total_break_time": "0.00", "is_late": false, "is_early_departure": false, "is_overtime": false, "overtime_hours": "0.00", "created_at": "2026-01-06T10:47:07.273Z", "updated_at": "2026-01-06T10:47:07.284Z", "notes": ""}}, {"model": "attendance.dailyattendance", "pk": 36, "fields": {"employee": 12, "date": "2025-12-24", "status": "PR", "check_in_time": "10:18:47", "check_out_time": null, "total_hours": null, "total_break_time": "0.00", "is_late": true, "is_early_departure": false, "is_overtime": false, "overtime_hours": "0.00", "created_at": "2026-01-06T10:47:07.296Z", "updated_at": "2026-01-06T10:47:07.307Z", "notes": ""}}, {"model": "attendance.dailyattendance", "pk": 37, "fields": {"employee": 8, "date": "2025-12-24", "status": "PR", "check_in_time": "10:18:54", "check_out_time": null, "total_hours": null, "total_break_time": "0.00", "is_late": true, "is_early_departure": false, "is_overtime": false, "overtime_hours": "0.00", "created_at": "2026-01-06T10:47:07.318Z", "updated_at": "2026-01-06T10:47:07.328Z", "notes": ""}}, {"model": "attendance.dailyattendance", "pk": 38, "fields": {"employee": 12, "date": "2025-12-25", "status": "PR", "check_in_time": "10:09:46", "check_out_time": null, "total_hours": null, "total_break_time": "0.00", "is_late": false, "is_early_departure": false, "is_overtime": false, "overtime_hours": "0.00", "created_at": "2026-01-06T10:47:07.341Z", "updated_at": "2026-01-06T10:47:07.353Z", "notes": ""}}, {"model": "attendance.dailyattendance", "pk": 39, "fields": {"employee": 12, "date": "2025-12-26", "status": "PR", "check_in_time": "10:12:16", "check_out_time": null, "total_hours": null, "total_break_time": "0.00", "is_late": false, "is_early_departure": false, "is_overtime": false, "overtime_hours": "0.00", "created_at": "2026-01-06T10:47:07.366Z", "updated_at": "2026-01-06T10:47:07.376Z", "notes": ""}}, {"model": "attendance.dailyattendance", "pk": 40, "fields": {"employee": 12, "date": "2026-01-23", "status": "PR", "check_in_time": "09:59:38", "check_out_time": "18:29:29", "total_hours": "8.50", "total_break_time": "0.00", "is_late": false, "is_early_departure": false, "is_overtime": true, "overtime_hours": "0.00", "created_at": "2026-01-23T12:49:31.619Z", "updated_at": "2026-01-23T12:49:31.773Z", "notes": ""}}, {"model": "attendance.dailyattendance", "pk": 41, "fields": {"employee": 14, "date": "2026-01-23", "status": "PR", "check_in_time": "10:16:39", "check_out_time": "18:28:56", "total_hours": "8.20", "total_break_time": "0.00", "is_late": true, "is_early_departure": false, "is_overtime": true, "overtime_hours": "0.00", "created_at": "2026-01-23T12:49:31.649Z", "updated_at": "2026-01-23T12:49:31.758Z", "notes": ""}}, {"model": "attendance.dailyattendance", "pk": 42, "fields": {"employee": 10, "date": "2026-01-23", "status": "LT", "check_in_time": "10:36:50", "check_out_time": "18:28:25", "total_hours": "7.86", "total_break_time": "0.00", "is_late": true, "is_early_departure": false, "is_overtime": false, "overtime_hours": "0.00", "created_at": "2026-01-23T12:49:31.674Z", "updated_at": "2026-01-23T12:49:31.744Z", "notes": ""}}, {"model": "attendance.dailyattendance", "pk": 43, "fields": {"employee": 9, "date": "2026-01-23", "status": "LT", "check_in_time": "11:29:55", "check_out_time": "18:25:25", "total_hours": "6.92", "total_break_time": "0.00", "is_late": true, "is_early_departure": false, "is_overtime": false, "overtime_hours": "0.00", "created_at": "2026-01-23T12:49:31.698Z", "updated_at": "2026-01-23T12:49:31.727Z", "notes": ""}}, {"model": "attendance.dailyattendance", "pk": 44, "fields": {"employee": 12, "date": "2026-01-19", "status": "PR", "check_in_time": "09:59:10", "check_out_time": "18:29:47", "total_hours": "8.51", "total_break_time": "0.00", "is_late": false, "is_early_departure": false, "is_overtime": true, "overtime_hours": "0.00", "created_at": "2026-01-23T12:49:50.457Z", "updated_at": "2026-01-23T12:49:50.587Z", "notes": ""}}, {"model": "attendance.dailyattendance", "pk": 45, "fields": {"employee": 14, "date": "2026-01-19", "status": "PR", "check_in_time": "10:15:15", "check_out_time": null, "total_hours": null, "total_break_time": "0.00", "is_late": true, "is_early_departure": false, "is_overtime": false, "overtime_hours": "0.00", "created_at": "2026-01-23T12:49:50.486Z", "updated_at": "2026-01-23T12:49:50.496Z", "notes": ""}}, {"model": "attendance.dailyattendance", "pk": 46, "fields": {"employee": 8, "date": "2026-01-19", "status": "PR", "check_in_time": "10:26:57", "check_out_time": null, "total_hours": null, "total_break_time": "0.00", "is_late": true, "is_early_departure": false, "is_overtime": false, "overtime_hours": "0.00", "created_at": "2026-01-23T12:49:50.510Z", "updated_at": "2026-01-23T12:49:50.520Z", "notes": ""}}, {"model": "attendance.dailyattendance", "pk": 47, "fields": {"employee": 10, "date": "2026-01-19", "status": "PR", "check_in_time": "10:27:11", "check_out_time": null, "total_hours": null, "total_break_time": "0.00", "is_late": true, "is_early_departure": false, "is_overtime": false, "overtime_hours": "0.00", "created_at": "2026-01-23T12:49:50.532Z", "updated_at": "2026-01-23T12:49:50.542Z", "notes": ""}}, {"model": "attendance.dailyattendance", "pk": 48, "fields": {"employee": 9, "date": "2026-01-19", "status": "LT", "check_in_time": "10:59:47", "check_out_time": "18:29:55", "total_hours": "7.50", "total_break_time": "0.00", "is_late": true, "is_early_departure": false, "is_overtime": false, "overtime_hours": "0.00", "created_at": "2026-01-23T12:49:50.557Z", "updated_at": "2026-01-23T12:49:50.608Z", "notes": ""}}, {"model": "attendance.dailyattendance", "pk": 49, "fields": {"employee": 12, "date": "2026-01-20", "status": "PR", "check_in_time": "10:06:12", "check_out_time": "18:24:36", "total_hours": "8.31", "total_break_time": "0.00", "is_late": false, "is_early_departure": false, "is_overtime": true, "overtime_hours": "0.00", "created_at": "2026-01-23T12:49:50.624Z", "updated_at": "2026-01-23T12:49:50.800Z", "notes": ""}}, {"model": "attendance.dailyattendance", "pk": 50, "fields": {"employee": 14, "date": "2026-01-20", "status": "LT", "check_in_time": "10:19:16", "check_out_time": "18:18:06", "total_hours": "7.98", "total_break_time": "0.00", "is_late": true, "is_early_departure": false, "is_overtime": false, "overtime_hours": "0.00", "created_at": "2026-01-23T12:49:50.655Z", "updated_at": "2026-01-23T12:49:50.786Z", "notes": ""}}, {"model": "attendance.dailyattendance", "pk": 51, "fields": {"employee": 10, "date": "2026-01-20", "status": "LT", "check_in_time": "10:34:13", "check_out_time": "18:15:41", "total_hours": "7.69", "total_break_time": "0.00", "is_late": true, "is_early_departure": false, "is_overtime": false, "overtime_hours": "0.00", "created_at": "2026-01-23T12:49:50.680Z", "updated_at": "2026-01-23T12:49:50.771Z", "notes": ""}}, {"model": "attendance.dailyattendance", "pk": 52, "fields": {"employee": 9, "date": "2026-01-20", "status": "LT", "check_in_time": "11:13:59", "check_out_time": "18:14:54", "total_hours": "7.02", "total_break_time": "0.00", "is_late": true, "is_early_departure": false, "is_overtime": false, "overtime_hours": "0.00", "created_at": "2026-01-23T12:49:50.703Z", "updated_at": "2026-01-23T12:49:50.754Z", "notes": ""}}, {"model": "attendance.dailyattendance", "pk": 53, "fields": {"employee": 8, "date": "2026-01-20", "status": "PR", "check_in_time": "11:14:18", "check_out_time": null, "total_hours": null, "total_break_time": "0.00", "is_late": true, "is_early_departure": false, "is_overtime": false, "overtime_hours": "0.00", "created_at": "2026-01-23T12:49:50.727Z", "updated_at": "2026-01-23T12:49:50.736Z", "notes": ""}}, {"model": "attendance.dailyattendance", "pk": 54, "fields": {"employee": 12, "date": "2026-01-21", "status": "PR", "check_in_time": "09:57:56", "check_out_time": null, "total_hours": null, "total_break_time": "0.00", "is_late": false, "is_early_departure": false, "is_overtime": false, "overtime_hours": "0.00", "created_at": "2026-01-23T12:49:50.811Z", "updated_at": "2026-01-23T12:49:50.822Z", "notes": ""}}, {"model": "attendance.dailyattendance", "pk": 55, "fields": {"employee": 14, "date": "2026-01-21", "status": "PR", "check_in_time": "10:16:06", "check_out_time": null, "total_hours": null, "total_break_time": "0.00", "is_late": true, "is_early_departure": false, "is_overtime": false, "overtime_hours": "0.00", "created_at": "2026-01-23T12:49:50.835Z", "updated_at": "2026-01-23T12:49:50.846Z", "notes": ""}}, {"model": "attendance.dailyattendance", "pk": 56, "fields": {"employee": 8, "date": "2026-01-21", "status": "PR", "check_in_time": "10:49:29", "check_out_time": null, "total_hours": null, "total_break_time": "0.00", "is_late": true, "is_early_departure": false, "is_overtime": false, "overtime_hours": "0.00", "created_at": "2026-01-23T12:49:50.857Z", "updated_at": "2026-01-23T12:49:50.867Z", "notes": ""}}, {"model": "attendance.dailyattendance", "pk": 57, "fields": {"employee": 12, "date": "2026-01-22", "status": "PR", "check_in_time": "10:14:34", "check_out_time": "18:28:50", "total_hours": "8.24", "total_break_time": "0.00", "is_late": false, "is_early_departure": false, "is_overtime": true, "overtime_hours": "0.00", "created_at": "2026-01-23T12:49:50.878Z", "updated_at": "2026-01-23T12:49:50.998Z", "notes": ""}}, {"model": "attendance.dailyattendance", "pk": 58, "fields": {"employee": 14, "date": "2026-01-22", "status": "PR", "check_in_time": "10:14:41", "check_out_time": "18:26:16", "total_hours": "8.19", "total_break_time": "0.00", "is_late": false, "is_early_departure": false, "is_overtime": true, "overtime_hours": "0.00", "created_at": "2026-01-23T12:49:50.901Z", "updated_at": "2026-01-23T12:49:50.977Z", "notes": ""}}, {"model": "attendance.dailyattendance", "pk": 59, "fields": {"employee": 10, "date": "2026-01-22", "status": "LT", "check_in_time": "10:38:18", "check_out_time": "18:29:09", "total_hours": "7.85", "total_break_time": "0.00", "is_late": true, "is_early_departure": false, "is_overtime": false, "overtime_hours": "0.00", "created_at": "2026-01-23T12:49:50.924Z", "updated_at": "2026-01-23T12:49:51.018Z", "notes": ""}}, {"model": "attendance.dailyattendance", "pk": 60, "fields": {"employee": 8, "date": "2026-01-22", "status": "PR", "check_in_time": "11:34:48", "check_out_time": null, "total_hours": null, "total_break_time": "0.00", "is_late": true, "is_early_departure": false, "is_overtime": false, "overtime_hours": "0.00", "created_at": "2026-01-23T12:49:50.946Z", "updated_at": "2026-01-23T12:49:50.956Z", "notes": ""}}, {"model": "leaves.leavetype", "pk": 1, "fields": {"name": "Annual Leave", "code": "AL", "description": "Annual vacation leave", "default_days": 15, "is_paid": true, "requires_approval": true, "is_active": true, "created_at": "2025-12-18T10:25:36.503Z", "updated_at": "2025-12-18T10:25:36.503Z"}}, {"model": "leaves.leavetype", "pk": 2, "fields": {"name": "Sick Leave", "code": "SL", "description": "Medical/sick leave", "default_days": 10, "is_paid": true, "requires_approval": true, "is_active": true, "created_at": "2025-12-18T10:25:36.508Z", "updated_at": "2025-12-18T10:25:36.508Z"}}, {"model": "leaves.leavetype", "pk": 3, "fields": {"name": "Casual Leave", "code": "CL", "description": "Casual/personal leave", "default_days": 5, "is_paid": true, "requires_approval": true, "is_active": true, "created_at": "2025-12-18T10:25:36.512Z", "updated_at": "2025-12-18T10:25:36.512Z"}}, {"model": "leaves.leavetype", "pk": 4, "fields": {"name": "Unpaid Leave", "code": "UL", "description": "Leave without pay", "default_days": 0, "is_paid": false, "requires_approval": true, "is_active": true, "created_at": "2025-12-18T10:25:36.516Z", "updated_at": "2025-12-18T10:25:36.516Z"}}, {"model": "leaves.leavetype", "pk": 5, "fields": {"name": "Maternity Leave", "code": "ML", "description": "Maternity leave for female employees", "default_days": 90, "is_paid": true, "requires_approval": true, "is_active": true, "created_at": "2025-12-18T10:25:36.521Z", "updated_at": "2025-12-18T10:25:36.521Z"}}, {"model": "leaves.leavetype", "pk": 6, "fields": {"name": "Paternity Leave", "code": "PL", "description": "Paternity leave for male employees", "default_days": 7, "is_paid": true, "requires_approval": true, "is_active": true, "created_at": "2025-12-18T10:25:36.525Z", "updated_at": "2025-12-18T10:25:36.525Z"}}, {"model": "leaves.leaverequest", "pk": 2, "fields": {"employee": 7, "leave_type": 3, "start_date": "2025-12-24", "end_date": "2025-12-26", "total_days": "3.00", "reason": "ASaaA", "status": "AP", "approved_by": 1, "approved_at": "2025-12-22T08:04:01.189Z", "approval_notes": "", "attachment": "", "created_at": "2025-12-22T08:03:34.949Z", "updated_at": "2025-12-22T08:04:01.189Z"}}, {"model": "leaves.holiday", "pk": 8, "fields": {"name": "Alternate Sunday Off", "date": "2025-12-28", "description": "Regular alternate Sunday holiday", "is_optional": false, "created_at": "2025-12-19T10:28:15.556Z", "updated_at": "2025-12-19T10:28:15.556Z"}}, {"model": "leaves.holiday", "pk": 9, "fields": {"name": "Alternate Sunday Off", "date": "2026-01-11", "description": "Regular alternate Sunday holiday", "is_optional": false, "created_at": "2025-12-19T10:28:15.564Z", "updated_at": "2025-12-19T10:28:15.564Z"}}, {"model": "leaves.holiday", "pk": 10, "fields": {"name": "Alternate Sunday Off", "date": "2026-01-25", "description": "Regular alternate Sunday holiday", "is_optional": false, "created_at": "2025-12-19T10:28:15.574Z", "updated_at": "2025-12-19T10:28:15.574Z"}}, {"model": "leaves.holiday", "pk": 11, "fields": {"name": "Alternate Sunday Off", "date": "2026-02-08", "description": "Regular alternate Sunday holiday", "is_optional": false, "created_at": "2025-12-19T10:28:15.601Z", "updated_at": "2025-12-19T10:28:15.601Z"}}, {"model": "leaves.holiday", "pk": 12, "fields": {"name": "Alternate Sunday Off", "date": "2026-02-22", "description": "Regular alternate Sunday holiday", "is_optional": false, "created_at": "2025-12-19T10:28:15.612Z", "updated_at": "2025-12-19T10:28:15.612Z"}}, {"model": "leaves.holiday", "pk": 13, "fields": {"name": "Alternate Sunday Off", "date": "2026-03-08", "description": "Regular alternate Sunday holiday", "is_optional": false, "created_at": "2025-12-19T10:28:15.623Z", "updated_at": "2025-12-19T10:28:15.623Z"}}, {"model": "leaves.holiday", "pk": 14, "fields": {"name": "Alternate Sunday Off", "date": "2026-03-22", "description": "Regular alternate Sunday holiday", "is_optional": false, "created_at": "2025-12-19T10:28:15.636Z", "updated_at": "2025-12-19T10:28:15.636Z"}}, {"model": "leaves.holiday", "pk": 15, "fields": {"name": "Alternate Sunday Off", "date": "2026-04-05", "description": "Regular alternate Sunday holiday", "is_optional": false, "created_at": "2025-12-19T10:28:15.645Z", "updated_at": "2025-12-19T10:28:15.645Z"}}, {"model": "leaves.holiday", "pk": 16, "fields": {"name": "Alternate Sunday Off", "date": "2026-04-19", "description": "Regular alternate Sunday holiday", "is_optional": false, "created_at": "2025-12-19T10:28:15.655Z", "updated_at": "2025-12-19T10:28:15.655Z"}}, {"model": "leaves.holiday", "pk": 17, "fields": {"name": "Alternate Sunday Off", "date": "2026-05-03", "description": "Regular alternate Sunday holiday", "is_optional": false, "created_at": "2025-12-19T10:28:15.665Z", "updated_at": "2025-12-19T10:28:15.665Z"}}, {"model": "leaves.holiday", "pk": 18, "fields": {"name": "Alternate Sunday Off", "date": "2026-05-17", "description": "Regular alternate Sunday holiday", "is_optional": false, "created_at": "2025-12-19T10:28:15.673Z", "updated_at": "2025-12-19T10:28:15.673Z"}}, {"model": "leaves.holiday", "pk": 19, "fields": {"name": "Alternate Sunday Off", "date": "2026-05-31", "description": "Regular alternate Sunday holiday", "is_optional": false, "created_at": "2025-12-19T10:28:15.682Z", "updated_at": "2025-12-19T10:28:15.682Z"}}, {"model": "leaves.holiday", "pk": 20, "fields": {"name": "Alternate Sunday Off", "date": "2026-06-14", "description": "Regular alternate Sunday holiday", "is_optional": false, "created_at": "2025-12-19T10:28:15.694Z", "updated_at": "2025-12-19T10:28:15.694Z"}}, {"model": "leaves.holiday", "pk": 21, "fields": {"name": "Alternate Sunday Off", "date": "2026-06-28", "description": "Regular alternate Sunday holiday", "is_optional": false, "created_at": "2025-12-19T10:28:15.704Z", "updated_at": "2025-12-19T10:28:15.704Z"}}, {"model": "leaves.holiday", "pk": 22, "fields": {"name": "Alternate Sunday Off", "date": "2026-07-12", "description": "Regular alternate Sunday holiday", "is_optional": false, "created_at": "2025-12-19T10:28:15.714Z", "updated_at": "2025-12-19T10:28:15.714Z"}}, {"model": "leaves.holiday", "pk": 23, "fields": {"name": "Alternate Sunday Off", "date": "2026-07-26", "description": "Regular alternate Sunday holiday", "is_optional": false, "created_at": "2025-12-19T10:28:15.729Z", "updated_at": "2025-12-19T10:28:15.729Z"}}, {"model": "leaves.holiday", "pk": 24, "fields": {"name": "Alternate Sunday Off", "date": "2026-08-09", "description": "Regular alternate Sunday holiday", "is_optional": false, "created_at": "2025-12-19T10:28:15.738Z", "updated_at": "2025-12-19T10:28:15.738Z"}}, {"model": "leaves.holiday", "pk": 25, "fields": {"name": "Alternate Sunday Off", "date": "2026-08-23", "description": "Regular alternate Sunday holiday", "is_optional": false, "created_at": "2025-12-19T10:28:15.747Z", "updated_at": "2025-12-19T10:28:15.747Z"}}, {"model": "leaves.holiday", "pk": 26, "fields": {"name": "Alternate Sunday Off", "date": "2026-09-06", "description": "Regular alternate Sunday holiday", "is_optional": false, "created_at": "2025-12-19T10:28:15.757Z", "updated_at": "2025-12-19T10:28:15.757Z"}}, {"model": "leaves.holiday", "pk": 27, "fields": {"name": "Alternate Sunday Off", "date": "2026-09-20", "description": "Regular alternate Sunday holiday", "is_optional": false, "created_at": "2025-12-19T10:28:15.766Z", "updated_at": "2025-12-19T10:28:15.766Z"}}, {"model": "leaves.holiday", "pk": 28, "fields": {"name": "Alternate Sunday Off", "date": "2026-10-04", "description": "Regular alternate Sunday holiday", "is_optional": false, "created_at": "2025-12-19T10:28:15.776Z", "updated_at": "2025-12-19T10:28:15.776Z"}}, {"model": "leaves.holiday", "pk": 29, "fields": {"name": "Alternate Sunday Off", "date": "2026-10-18", "description": "Regular alternate Sunday holiday", "is_optional": false, "created_at": "2025-12-19T10:28:15.809Z", "updated_at": "2025-12-19T10:28:15.809Z"}}, {"model": "leaves.holiday", "pk": 30, "fields": {"name": "Alternate Sunday Off", "date": "2026-11-01", "description": "Regular alternate Sunday holiday", "is_optional": false, "created_at": "2025-12-19T10:28:15.821Z", "updated_at": "2025-12-19T10:28:15.821Z"}}, {"model": "leaves.holiday", "pk": 31, "fields": {"name": "Alternate Sunday Off", "date": "2026-11-15", "description": "Regular alternate Sunday holiday", "is_optional": false, "created_at": "2025-12-19T10:28:15.834Z", "updated_at": "2025-12-19T10:28:15.834Z"}}, {"model": "leaves.holiday", "pk": 32, "fields": {"name": "Alternate Sunday Off", "date": "2026-11-29", "description": "Regular alternate Sunday holiday", "is_optional": false, "created_at": "2025-12-19T10:28:15.848Z", "updated_at": "2025-12-19T10:28:15.848Z"}}, {"model": "leaves.holiday", "pk": 33, "fields": {"name": "Alternate Sunday Off", "date": "2026-12-13", "description": "Regular alternate Sunday holiday", "is_optional": false, "created_at": "2025-12-19T10:28:15.857Z", "updated_at": "2025-12-19T10:28:15.857Z"}}, {"model": "leaves.holiday", "pk": 34, "fields": {"name": "Alternate Sunday Off", "date": "2026-12-27", "description": "Regular alternate Sunday holiday", "is_optional": false, "created_at": "2025-12-19T10:28:15.867Z", "updated_at": "2025-12-19T10:28:15.867Z"}}, {"model": "leaves.holiday", "pk": 35, "fields": {"name": "Alternate Sunday Off", "date": "2027-01-10", "description": "Regular alternate Sunday holiday", "is_optional": false, "created_at": "2025-12-19T10:28:15.877Z", "updated_at": "2025-12-19T10:28:15.877Z"}}, {"model": "leaves.holiday", "pk": 36, "fields": {"name": "Alternate Sunday Off", "date": "2027-01-24", "description": "Regular alternate Sunday holiday", "is_optional": false, "created_at": "2025-12-19T10:28:15.885Z", "updated_at": "2025-12-19T10:28:15.885Z"}}, {"model": "leaves.holiday", "pk": 37, "fields": {"name": "Alternate Sunday Off", "date": "2027-02-07", "description": "Regular alternate Sunday holiday", "is_optional": false, "created_at": "2025-12-19T10:28:15.894Z", "updated_at": "2025-12-19T10:28:15.894Z"}}, {"model": "leaves.holiday", "pk": 38, "fields": {"name": "Alternate Sunday Off", "date": "2027-02-21", "description": "Regular alternate Sunday holiday", "is_optional": false, "created_at": "2025-12-19T10:28:15.901Z", "updated_at": "2025-12-19T10:28:15.901Z"}}, {"model": "leaves.holiday", "pk": 39, "fields": {"name": "Alternate Sunday Off", "date": "2027-03-07", "description": "Regular alternate Sunday holiday", "is_optional": false, "created_at": "2025-12-19T10:28:15.910Z", "updated_at": "2025-12-19T10:28:15.910Z"}}, {"model": "leaves.holiday", "pk": 40, "fields": {"name": "Alternate Sunday Off", "date": "2027-03-21", "description": "Regular alternate Sunday holiday", "is_optional": false, "created_at": "2025-12-19T10:28:15.918Z", "updated_at": "2025-12-19T10:28:15.918Z"}}, {"model": "leaves.holiday", "pk": 41, "fields": {"name": "Alternate Sunday Off", "date": "2027-04-04", "description": "Regular alternate Sunday holiday", "is_optional": false, "created_at": "2025-12-19T10:28:15.925Z", "updated_at": "2025-12-19T10:28:15.925Z"}}, {"model": "leaves.holiday", "pk": 42, "fields": {"name": "Alternate Sunday Off", "date": "2027-04-18", "description": "Regular alternate Sunday holiday", "is_optional": false, "created_at": "2025-12-19T10:28:15.934Z", "updated_at": "2025-12-19T10:28:15.934Z"}}, {"model": "leaves.holiday", "pk": 43, "fields": {"name": "Alternate Sunday Off", "date": "2027-05-02", "description": "Regular alternate Sunday holiday", "is_optional": false, "created_at": "2025-12-19T10:28:15.949Z", "updated_at": "2025-12-19T10:28:15.949Z"}}, {"model": "leaves.holiday", "pk": 44, "fields": {"name": "Alternate Sunday Off", "date": "2027-05-16", "description": "Regular alternate Sunday holiday", "is_optional": false, "created_at": "2025-12-19T10:28:15.957Z", "updated_at": "2025-12-19T10:28:15.957Z"}}, {"model": "leaves.holiday", "pk": 45, "fields": {"name": "Alternate Sunday Off", "date": "2027-05-30", "description": "Regular alternate Sunday holiday", "is_optional": false, "created_at": "2025-12-19T10:28:15.965Z", "updated_at": "2025-12-19T10:28:15.965Z"}}, {"model": "leaves.holiday", "pk": 46, "fields": {"name": "Alternate Sunday Off", "date": "2027-06-13", "description": "Regular alternate Sunday holiday", "is_optional": false, "created_at": "2025-12-19T10:28:15.973Z", "updated_at": "2025-12-19T10:28:15.973Z"}}, {"model": "leaves.holiday", "pk": 47, "fields": {"name": "Alternate Sunday Off", "date": "2027-06-27", "description": "Regular alternate Sunday holiday", "is_optional": false, "created_at": "2025-12-19T10:28:15.980Z", "updated_at": "2025-12-19T10:28:15.980Z"}}, {"model": "leaves.holiday", "pk": 48, "fields": {"name": "Alternate Sunday Off", "date": "2027-07-11", "description": "Regular alternate Sunday holiday", "is_optional": false, "created_at": "2025-12-19T10:28:15.987Z", "updated_at": "2025-12-19T10:28:15.987Z"}}, {"model": "leaves.holiday", "pk": 49, "fields": {"name": "Alternate Sunday Off", "date": "2027-07-25", "description": "Regular alternate Sunday holiday", "is_optional": false, "created_at": "2025-12-19T10:28:15.994Z", "updated_at": "2025-12-19T10:28:15.994Z"}}, {"model": "leaves.holiday", "pk": 50, "fields": {"name": "Alternate Sunday Off", "date": "2027-08-08", "description": "Regular alternate Sunday holiday", "is_optional": false, "created_at": "2025-12-19T10:28:16.001Z", "updated_at": "2025-12-19T10:28:16.001Z"}}, {"model": "leaves.holiday", "pk": 51, "fields": {"name": "Alternate Sunday Off", "date": "2027-08-22", "description": "Regular alternate Sunday holiday", "is_optional": false, "created_at": "2025-12-19T10:28:16.010Z", "updated_at": "2025-12-19T10:28:16.010Z"}}, {"model": "leaves.holiday", "pk": 52, "fields": {"name": "Alternate Sunday Off", "date": "2027-09-05", "description": "Regular alternate Sunday holiday", "is_optional": false, "created_at": "2025-12-19T10:28:16.020Z", "updated_at": "2025-12-19T10:28:16.020Z"}}, {"model": "leaves.holiday", "pk": 53, "fields": {"name": "Alternate Sunday Off", "date": "2027-09-19", "description": "Regular alternate Sunday holiday", "is_optional": false, "created_at": "2025-12-19T10:28:16.030Z", "updated_at": "2025-12-19T10:28:16.030Z"}}, {"model": "leaves.holiday", "pk": 54, "fields": {"name": "Alternate Sunday Off", "date": "2027-10-03", "description": "Regular alternate Sunday holiday", "is_optional": false, "created_at": "2025-12-19T10:28:16.042Z", "updated_at": "2025-12-19T10:28:16.042Z"}}, {"model": "leaves.holiday", "pk": 55, "fields": {"name": "Alternate Sunday Off", "date": "2027-10-17", "description": "Regular alternate Sunday holiday", "is_optional": false, "created_at": "2025-12-19T10:28:16.051Z", "updated_at": "2025-12-19T10:28:16.051Z"}}, {"model": "leaves.holiday", "pk": 56, "fields": {"name": "Alternate Sunday Off", "date": "2027-10-31", "description": "Regular alternate Sunday holiday", "is_optional": false, "created_at": "2025-12-19T10:28:16.058Z", "updated_at": "2025-12-19T10:28:16.058Z"}}, {"model": "leaves.holiday", "pk": 57, "fields": {"name": "Alternate Sunday Off", "date": "2027-11-14", "description": "Regular alternate Sunday holiday", "is_optional": false, "created_at": "2025-12-19T10:28:16.067Z", "updated_at": "2025-12-19T10:28:16.067Z"}}, {"model": "leaves.holiday", "pk": 58, "fields": {"name": "Alternate Sunday Off", "date": "2027-11-28", "description": "Regular alternate Sunday holiday", "is_optional": false, "created_at": "2025-12-19T10:28:16.080Z", "updated_at": "2025-12-19T10:28:16.080Z"}}, {"model": "leaves.holiday", "pk": 59, "fields": {"name": "Alternate Sunday Off", "date": "2027-12-12", "description": "Regular alternate Sunday holiday", "is_optional": false, "created_at": "2025-12-19T10:28:16.251Z", "updated_at": "2025-12-19T10:28:16.251Z"}}, {"model": "leaves.holiday", "pk": 60, "fields": {"name": "Alternate Sunday Off", "date": "2027-12-26", "description": "Regular alternate Sunday holiday", "is_optional": false, "created_at": "2025-12-19T10:28:16.263Z", "updated_at": "2025-12-19T10:28:16.263Z"}}, {"model": "leaves.holiday", "pk": 61, "fields": {"name": "New Year", "date": "2025-12-31", "description": "", "is_optional": false, "created_at": "2025-12-22T08:01:06.216Z", "updated_at": "2025-12-22T08:01:06.216Z"}}, {"model": "biometric.biometricdevice", "pk": 1, "fields": {"name": "Main Office Biometric Device", "ip_address": "192.168.1.201", "port": 4370, "password": 0, "timeout": 5, "serial_number": "", "firmware_version": "", "platform": "", "device_name": "", "is_active": true, "last_sync_time": null, "last_connection_status": false, "last_error": "", "created_at": "2025-12-18T10:25:36.532Z", "updated_at": "2025-12-18T10:25:36.532Z"}}, {"model": "biometric.synclog", "pk": 1, "fields": {"device": null, "sync_type": "ATTENDANCE_PULL", "status": "FA", "records_processed": 0, "records_success": 0, "records_failed": 0, "started_at": "2025-12-18T10:28:10.943Z", "completed_at": "2025-12-18T10:28:10.952Z", "duration_seconds": "0.03", "error_message": "Error syncing attendance from device: Not connected to device", "details": {}}}, {"model": "biometric.synclog", "pk": 2, "fields": {"device": null, "sync_type": "ATTENDANCE_PULL", "status": "FA", "records_processed": 0, "records_success": 0, "records_failed": 0, "started_at": "2025-12-18T10:33:10.911Z", "completed_at": "2025-12-18T10:33:10.917Z", "duration_seconds": "0.02", "error_message": "Error syncing attendance from device: Not connected to device", "details": {}}}, {"model": "biometric.synclog", "pk": 3, "fields": {"device": null, "sync_type": "ATTENDANCE_PULL", "status": "FA", "records_processed": 0, "records_success": 0, "records_failed": 0, "started_at": "2025-12-18T10:38:10.914Z", "completed_at": "2025-12-18T10:38:10.920Z", "duration_seconds": "0.02", "error_message": "Error syncing attendance from device: Not connected to device", "details": {}}}, {"model": "biometric.synclog", "pk": 4, "fields": {"device": null, "sync_type": "ATTENDANCE_PULL", "status": "FA", "records_processed": 0, "records_success": 0, "records_failed": 0, "started_at": "2025-12-18T10:43:10.923Z", "completed_at": "2025-12-18T10:43:10.931Z", "duration_seconds": "0.03", "error_message": "Error syncing attendance from device: Not connected to device", "details": {}}}, {"model": "biometric.synclog", "pk": 5, "fields": {"device": null, "sync_type": "ATTENDANCE_PULL", "status": "FA", "records_processed": 0, "records_success": 0, "records_failed": 0, "started_at": "2025-12-18T10:48:10.971Z", "completed_at": "2025-12-18T10:48:10.979Z", "duration_seconds": "0.03", "error_message": "Error syncing attendance from device: Not connected to device", "details": {}}}, {"model": "biometric.synclog", "pk": 6, "fields": {"device": null, "sync_type": "ATTENDANCE_PULL", "status": "FA", "records_processed": 0, "records_success": 0, "records_failed": 0, "started_at": "2025-12-18T10:53:10.929Z", "completed_at": "2025-12-18T10:53:10.935Z", "duration_seconds": "0.02", "error_message": "Error syncing attendance from device: Not connected to device", "details": {}}}, {"model": "biometric.synclog", "pk": 7, "fields": {"device": null, "sync_type": "ATTENDANCE_PULL", "status": "FA", "records_processed": 0, "records_success": 0, "records_failed": 0, "started_at": "2025-12-18T10:58:10.931Z", "completed_at": "2025-12-18T10:58:10.938Z", "duration_seconds": "0.02", "error_message": "Error syncing attendance from device: Not connected to device", "details": {}}}, {"model": "biometric.synclog", "pk": 8, "fields": {"device": null, "sync_type": "ATTENDANCE_PULL", "status": "FA", "records_processed": 0, "records_success": 0, "records_failed": 0, "started_at": "2025-12-18T11:03:10.929Z", "completed_at": "2025-12-18T11:03:10.936Z", "duration_seconds": "0.02", "error_message": "Error syncing attendance from device: Not connected to device", "details": {}}}, {"model": "biometric.synclog", "pk": 9, "fields": {"device": null, "sync_type": "ATTENDANCE_PULL", "status": "FA", "records_processed": 0, "records_success": 0, "records_failed": 0, "started_at": "2025-12-18T11:08:10.932Z", "completed_at": "2025-12-18T11:08:10.939Z", "duration_seconds": "0.02", "error_message": "Error syncing attendance from device: Not connected to device", "details": {}}}, {"model": "biometric.synclog", "pk": 10, "fields": {"device": null, "sync_type": "USER_PUSH", "status": "FA", "records_processed": 1, "records_success": 0, "records_failed": 1, "started_at": "2025-12-18T11:08:19.316Z", "completed_at": "2025-12-18T11:08:19.327Z", "duration_seconds": null, "error_message": "Error syncing employee to device: column employees.department does not exist\nLINE 1: ...loyees\".\"address\", \"employees\".\"profile_picture\", \"employees...\n                                                             ^\nHINT:  Perhaps you meant to reference the column \"employees.department_id\".\n", "details": {}}}, {"model": "biometric.synclog", "pk": 11, "fields": {"device": null, "sync_type": "USER_PUSH", "status": "FA", "records_processed": 1, "records_success": 0, "records_failed": 1, "started_at": "2025-12-18T11:09:19.355Z", "completed_at": "2025-12-18T11:09:19.363Z", "duration_seconds": null, "error_message": "Error syncing employee to device: column employees.department does not exist\nLINE 1: ...loyees\".\"address\", \"employees\".\"profile_picture\", \"employees...\n                                                             ^\nHINT:  Perhaps you meant to reference the column \"employees.department_id\".\n", "details": {}}}, {"model": "biometric.synclog", "pk": 12, "fields": {"device": null, "sync_type": "USER_PUSH", "status": "FA", "records_processed": 1, "records_success": 0, "records_failed": 1, "started_at": "2025-12-18T11:10:19.387Z", "completed_at": "2025-12-18T11:10:19.397Z", "duration_seconds": null, "error_message": "Error syncing employee to device: column employees.department does not exist\nLINE 1: ...loyees\".\"address\", \"employees\".\"profile_picture\", \"employees...\n                                                             ^\nHINT:  Perhaps you meant to reference the column \"employees.department_id\".\n", "details": {}}}, {"model": "biometric.synclog", "pk": 13, "fields": {"device": null, "sync_type": "USER_PUSH", "status": "FA", "records_processed": 1, "records_success": 0, "records_failed": 1, "started_at": "2025-12-18T11:11:19.420Z", "completed_at": "2025-12-18T11:11:19.426Z", "duration_seconds": null, "error_message": "Error syncing employee to device: column employees.department does not exist\nLINE 1: ...loyees\".\"address\", \"employees\".\"profile_picture\", \"employees...\n                                                             ^\nHINT:  Perhaps you meant to reference the column \"employees.department_id\".\n", "details": {}}}, {"model": "biometric.synclog", "pk": 14, "fields": {"device": null, "sync_type": "ATTENDANCE_PULL", "status": "FA", "records_processed": 0, "records_success": 0, "records_failed": 0, "started_at": "2025-12-18T11:13:10.941Z", "completed_at": "2025-12-18T11:13:10.952Z", "duration_seconds": "0.03", "error_message": "Error syncing attendance from device: Not connected to device", "details": {}}}, {"model": "biometric.synclog", "pk": 15, "fields": {"device": null, "sync_type": "ATTENDANCE_PULL", "status": "FA", "records_processed": 0, "records_success": 0, "records_failed": 0, "started_at": "2025-12-18T11:18:10.935Z", "completed_at": "2025-12-18T11:18:10.941Z", "duration_seconds": "0.02", "error_message": "Error syncing attendance from device: Not connected to device", "details": {}}}, {"model": "biometric.synclog", "pk": 16, "fields": {"device": null, "sync_type": "ATTENDANCE_PULL", "status": "FA", "records_processed": 0, "records_success": 0, "records_failed": 0, "started_at": "2025-12-18T11:23:10.951Z", "completed_at": "2025-12-18T11:23:10.969Z", "duration_seconds": "0.04", "error_message": "Error syncing attendance from device: Not connected to device", "details": {}}}, {"model": "biometric.synclog", "pk": 17, "fields": {"device": null, "sync_type": "ATTENDANCE_PULL", "status": "FA", "records_processed": 0, "records_success": 0, "records_failed": 0, "started_at": "2025-12-18T11:28:10.945Z", "completed_at": "2025-12-18T11:28:10.953Z", "duration_seconds": "0.02", "error_message": "Error syncing attendance from device: Not connected to device", "details": {}}}, {"model": "biometric.synclog", "pk": 18, "fields": {"device": null, "sync_type": "ATTENDANCE_PULL", "status": "FA", "records_processed": 0, "records_success": 0, "records_failed": 0, "started_at": "2025-12-18T11:33:10.948Z", "completed_at": "2025-12-18T11:33:10.959Z", "duration_seconds": "0.03", "error_message": "Error syncing attendance from device: Not connected to device", "details": {}}}, {"model": "biometric.synclog", "pk": 19, "fields": {"device": null, "sync_type": "ATTENDANCE_PULL", "status": "FA", "records_processed": 0, "records_success": 0, "records_failed": 0, "started_at": "2025-12-18T11:38:11.104Z", "completed_at": "2025-12-18T11:38:11.114Z", "duration_seconds": "0.06", "error_message": "Error syncing attendance from device: Not connected to device", "details": {}}}, {"model": "biometric.synclog", "pk": 20, "fields": {"device": null, "sync_type": "ATTENDANCE_PULL", "status": "FA", "records_processed": 0, "records_success": 0, "records_failed": 0, "started_at": "2025-12-18T11:43:10.957Z", "completed_at": "2025-12-18T11:43:10.963Z", "duration_seconds": "0.02", "error_message": "Error syncing attendance from device: Not connected to device", "details": {}}}, {"model": "biometric.synclog", "pk": 21, "fields": {"device": null, "sync_type": "ATTENDANCE_PULL", "status": "FA", "records_processed": 0, "records_success": 0, "records_failed": 0, "started_at": "2025-12-18T11:48:10.961Z", "completed_at": "2025-12-18T11:48:10.968Z", "duration_seconds": "0.02", "error_message": "Error syncing attendance from device: Not connected to device", "details": {}}}, {"model": "biometric.synclog", "pk": 22, "fields": {"device": null, "sync_type": "ATTENDANCE_PULL", "status": "FA", "records_processed": 0, "records_success": 0, "records_failed": 0, "started_at": "2025-12-18T11:53:10.972Z", "completed_at": "2025-12-18T11:53:10.981Z", "duration_seconds": "0.03", "error_message": "Error syncing attendance from device: Not connected to device", "details": {}}}, {"model": "biometric.synclog", "pk": 23, "fields": {"device": null, "sync_type": "USER_PUSH", "status": "FA", "records_processed": 1, "records_success": 0, "records_failed": 1, "started_at": "2025-12-18T11:56:08.497Z", "completed_at": "2025-12-18T11:56:08.506Z", "duration_seconds": null, "error_message": "Error syncing employee to device: column employees.department does not exist\nLINE 1: ...loyees\".\"address\", \"employees\".\"profile_picture\", \"employees...\n                                                             ^\nHINT:  Perhaps you meant to reference the column \"employees.department_id\".\n", "details": {}}}, {"model": "biometric.synclog", "pk": 24, "fields": {"device": null, "sync_type": "USER_PUSH", "status": "FA", "records_processed": 1, "records_success": 0, "records_failed": 1, "started_at": "2025-12-18T11:57:08.526Z", "completed_at": "2025-12-18T11:57:08.533Z", "duration_seconds": null, "error_message": "Error syncing employee to device: column employees.department does not exist\nLINE 1: ...loyees\".\"address\", \"employees\".\"profile_picture\", \"employees...\n                                                             ^\nHINT:  Perhaps you meant to reference the column \"employees.department_id\".\n", "details": {}}}, {"model": "biometric.synclog", "pk": 25, "fields": {"device": null, "sync_type": "USER_PUSH", "status": "FA", "records_processed": 1, "records_success": 0, "records_failed": 1, "started_at": "2025-12-18T11:58:08.552Z", "completed_at": "2025-12-18T11:58:08.560Z", "duration_seconds": null, "error_message": "Error syncing employee to device: column employees.department does not exist\nLINE 1: ...loyees\".\"address\", \"employees\".\"profile_picture\", \"employees...\n                                                             ^\nHINT:  Perhaps you meant to reference the column \"employees.department_id\".\n", "details": {}}}, {"model": "biometric.synclog", "pk": 26, "fields": {"device": null, "sync_type": "ATTENDANCE_PULL", "status": "FA", "records_processed": 0, "records_success": 0, "records_failed": 0, "started_at": "2025-12-18T11:58:10.967Z", "completed_at": "2025-12-18T11:58:10.976Z", "duration_seconds": "0.02", "error_message": "Error syncing attendance from device: Not connected to device", "details": {}}}, {"model": "biometric.synclog", "pk": 27, "fields": {"device": null, "sync_type": "USER_PUSH", "status": "FA", "records_processed": 1, "records_success": 0, "records_failed": 1, "started_at": "2025-12-18T11:59:08.586Z", "completed_at": "2025-12-18T11:59:08.596Z", "duration_seconds": null, "error_message": "Error syncing employee to device: column employees.department does not exist\nLINE 1: ...loyees\".\"address\", \"employees\".\"profile_picture\", \"employees...\n                                                             ^\nHINT:  Perhaps you meant to reference the column \"employees.department_id\".\n", "details": {}}}, {"model": "biometric.synclog", "pk": 28, "fields": {"device": null, "sync_type": "ATTENDANCE_PULL", "status": "FA", "records_processed": 0, "records_success": 0, "records_failed": 0, "started_at": "2025-12-18T12:03:10.965Z", "completed_at": "2025-12-18T12:03:10.972Z", "duration_seconds": "0.02", "error_message": "Error syncing attendance from device: Not connected to device", "details": {}}}, {"model": "biometric.synclog", "pk": 29, "fields": {"device": null, "sync_type": "ATTENDANCE_PULL", "status": "FA", "records_processed": 0, "records_success": 0, "records_failed": 0, "started_at": "2025-12-18T12:08:10.967Z", "completed_at": "2025-12-18T12:08:10.973Z", "duration_seconds": "0.02", "error_message": "Error syncing attendance from device: Not connected to device", "details": {}}}, {"model": "biometric.synclog", "pk": 30, "fields": {"device": null, "sync_type": "ATTENDANCE_PULL", "status": "FA", "records_processed": 0, "records_success": 0, "records_failed": 0, "started_at": "2025-12-18T12:13:10.968Z", "completed_at": "2025-12-18T12:13:10.974Z", "duration_seconds": "0.02", "error_message": "Error syncing attendance from device: Not connected to device", "details": {}}}, {"model": "biometric.synclog", "pk": 31, "fields": {"device": null, "sync_type": "ATTENDANCE_PULL", "status": "FA", "records_processed": 0, "records_success": 0, "records_failed": 0, "started_at": "2025-12-18T12:18:10.971Z", "completed_at": "2025-12-18T12:18:10.977Z", "duration_seconds": "0.02", "error_message": "Error syncing attendance from device: Not connected to device", "details": {}}}, {"model": "biometric.synclog", "pk": 32, "fields": {"device": null, "sync_type": "ATTENDANCE_PULL", "status": "FA", "records_processed": 0, "records_success": 0, "records_failed": 0, "started_at": "2025-12-18T12:23:10.974Z", "completed_at": "2025-12-18T12:23:10.980Z", "duration_seconds": "0.02", "error_message": "Error syncing attendance from device: Not connected to device", "details": {}}}, {"model": "biometric.synclog", "pk": 33, "fields": {"device": null, "sync_type": "ATTENDANCE_PULL", "status": "FA", "records_processed": 0, "records_success": 0, "records_failed": 0, "started_at": "2025-12-18T12:28:10.980Z", "completed_at": "2025-12-18T12:28:10.987Z", "duration_seconds": "0.02", "error_message": "Error syncing attendance from device: Not connected to device", "details": {}}}, {"model": "biometric.synclog", "pk": 34, "fields": {"device": null, "sync_type": "ATTENDANCE_PULL", "status": "FA", "records_processed": 0, "records_success": 0, "records_failed": 0, "started_at": "2025-12-18T12:33:10.976Z", "completed_at": "2025-12-18T12:33:10.982Z", "duration_seconds": "0.02", "error_message": "Error syncing attendance from device: Not connected to device", "details": {}}}, {"model": "biometric.synclog", "pk": 35, "fields": {"device": null, "sync_type": "ATTENDANCE_PULL", "status": "FA", "records_processed": 0, "records_success": 0, "records_failed": 0, "started_at": "2025-12-18T12:38:10.977Z", "completed_at": "2025-12-18T12:38:10.983Z", "duration_seconds": "0.02", "error_message": "Error syncing attendance from device: Not connected to device", "details": {}}}, {"model": "biometric.synclog", "pk": 36, "fields": {"device": null, "sync_type": "ATTENDANCE_PULL", "status": "FA", "records_processed": 0, "records_success": 0, "records_failed": 0, "started_at": "2025-12-18T12:43:10.978Z", "completed_at": "2025-12-18T12:43:10.985Z", "duration_seconds": "0.02", "error_message": "Error syncing attendance from device: Not connected to device", "details": {}}}, {"model": "biometric.synclog", "pk": 37, "fields": {"device": null, "sync_type": "ATTENDANCE_PULL", "status": "FA", "records_processed": 0, "records_success": 0, "records_failed": 0, "started_at": "2025-12-18T12:48:10.978Z", "completed_at": "2025-12-18T12:48:10.985Z", "duration_seconds": "0.02", "error_message": "Error syncing attendance from device: Not connected to device", "details": {}}}, {"model": "biometric.synclog", "pk": 38, "fields": {"device": null, "sync_type": "ATTENDANCE_PULL", "status": "FA", "records_processed": 0, "records_success": 0, "records_failed": 0, "started_at": "2025-12-18T12:53:10.982Z", "completed_at": "2025-12-18T12:53:10.990Z", "duration_seconds": "0.02", "error_message": "Error syncing attendance from device: Not connected to device", "details": {}}}, {"model": "biometric.synclog", "pk": 39, "fields": {"device": null, "sync_type": "ATTENDANCE_PULL", "status": "FA", "records_processed": 0, "records_success": 0, "records_failed": 0, "started_at": "2025-12-18T12:58:10.982Z", "completed_at": "2025-12-18T12:58:10.989Z", "duration_seconds": "0.02", "error_message": "Error syncing attendance from device: Not connected to device", "details": {}}}, {"model": "biometric.synclog", "pk": 40, "fields": {"device": null, "sync_type": "ATTENDANCE_PULL", "status": "FA", "records_processed": 0, "records_success": 0, "records_failed": 0, "started_at": "2025-12-18T13:03:11.010Z", "completed_at": "2025-12-18T13:03:11.018Z", "duration_seconds": "0.03", "error_message": "Error syncing attendance from device: Not connected to device", "details": {}}}, {"model": "biometric.synclog", "pk": 41, "fields": {"device": null, "sync_type": "ATTENDANCE_PULL", "status": "FA", "records_processed": 0, "records_success": 0, "records_failed": 0, "started_at": "2025-12-18T15:02:53.741Z", "completed_at": "2025-12-18T15:02:53.756Z", "duration_seconds": "0.04", "error_message": "Error syncing attendance from device: Not connected to device", "details": {}}}, {"model": "biometric.synclog", "pk": 42, "fields": {"device": null, "sync_type": "ATTENDANCE_PULL", "status": "FA", "records_processed": 0, "records_success": 0, "records_failed": 0, "started_at": "2025-12-18T15:29:15.759Z", "completed_at": "2025-12-18T15:29:15.792Z", "duration_seconds": "0.09", "error_message": "Error syncing attendance from device: Not connected to device", "details": {}}}, {"model": "biometric.synclog", "pk": 43, "fields": {"device": null, "sync_type": "ATTENDANCE_PULL", "status": "FA", "records_processed": 0, "records_success": 0, "records_failed": 0, "started_at": "2025-12-18T15:34:15.623Z", "completed_at": "2025-12-18T15:34:15.631Z", "duration_seconds": "0.02", "error_message": "Error syncing attendance from device: Not connected to device", "details": {}}}]